id,number,ЭЧТК,УКВ,Кол-во мест,Автосцепка,Переход,Постройка,Тип
1,95822412,да,нет,40,СА-3,Х,2003,одноэтажный
2,83197857,да,да,36,СА-3,Х,2016,одноэтажный
3,85329037,да,нет,64,БСУ,Х,2018,одноэтажный
4,10872248,нет,да,54,БСУ,Х,2006,одноэтажный
5,55176955,да,да,44,БСУ,Б,2025,двухэтажный
6,71662963,да,нет,54,СА-3,Б,2020,одноэтажный
7,58537831,да,нет,36,СА-3,Б,2002,одноэтажный
8,23556182,да,да,80,БСУ,Х,2011,двухэтажный
9,45833156,нет,нет,36,СА-3,Б,2007,двухэтажный
10,60929647,да,нет,72,СА-3,Б,2024,одноэтажный
11,40742311,нет,нет,54,БСУ,Х,2018,одноэтажный
12,52235350,да,да,72,БСУ,Х,2004,двухэтажный
13,85345555,да,нет,54,БСУ,Б,2004,одноэтажный
14,22201654,нет,нет,40,СА-3,Б,2013,одноэтажный
15,61642594,да,нет,64,БСУ,Б,2000,одноэтажный
16,25374874,нет,да,44,БСУ,Х,2013,двухэтажный
17,10435578,нет,нет,44,СА-3,Б,2003,одноэтажный
18,50056581,нет,да,40,СА-3,Б,2005,одноэтажный
19,81182864,нет,да,54,СА-3,Х,2011,одноэтажный
20,51273847,да,да,64,СА-3,Х,2015,одноэтажный
21,81498611,нет,да,54,СА-3,Х,2019,одноэтажный
22,38427073,нет,нет,72,СА-3,Б,2012,одноэтажный
23,97225156,да,нет,54,СА-3,Х,2002,одноэтажный
24,88961459,да,да,36,СА-3,Б,2001,двухэтажный
25,14216175,нет,да,40,БСУ,Б,2006,одноэтажный
26,86644106,да,да,54,БСУ,Х,2003,одноэтажный
27,57553014,да,да,72,СА-3,Б,2020,двухэтажный
28,64038913,нет,нет,36,СА-3,Х,2017,одноэтажный
29,66623995,да,да,80,СА-3,Б,2017,двухэтажный
30,97529405,нет,нет,36,СА-3,Х,2015,одноэтажный
31,63826716,нет,да,36,БСУ,Х,2025,одноэтажный
32,48285503,да,нет,80,БСУ,Х,2009,двухэтажный
33,17849494,да,да,72,БСУ,Х,2018,одноэтажный
34,81286543,да,нет,36,СА-3,Х,2002,одноэтажный
35,41568532,да,нет,64,СА-3,Б,2001,одноэтажный
36,66267415,нет,да,44,БСУ,Х,2022,одноэтажный
37,45650176,да,нет,44,БСУ,Б,2024,одноэтажный
38,11250299,да,нет,36,СА-3,Б,2016,одноэтажный
39,56843172,нет,нет,44,БСУ,Х,2017,одноэтажный
40,92097999,нет,нет,64,СА-3,Б,2017,одноэтажный
41,99038526,да,нет,44,СА-3,Б,2023,одноэтажный
42,46553958,да,да,44,СА-3,Б,2008,одноэтажный
43,43704923,нет,нет,36,БСУ,Б,2001,двухэтажный
44,27558317,да,да,72,БСУ,Б,2013,одноэтажный
45,25015458,да,нет,40,СА-3,Б,2018,одноэтажный
46,67684996,да,да,80,СА-3,Б,2006,одноэтажный
47,99514287,да,нет,80,БСУ,Б,2023,двухэтажный
48,41774346,нет,нет,80,СА-3,Б,2000,двухэтажный
49,54585178,нет,да,72,СА-3,Х,2025,одноэтажный
50,61343880,нет,нет,40,СА-3,Б,2014,одноэтажный
51,40547349,да,нет,54,БСУ,Х,2002,одноэтажный
52,47463522,да,да,72,БСУ,Б,2003,одноэтажный
53,45059710,да,нет,44,СА-3,Х,2013,одноэтажный
54,52101056,да,нет,36,БСУ,Б,2006,одноэтажный
55,68526649,да,нет,64,СА-3,Б,2002,одноэтажный
56,54318698,да,нет,36,БСУ,Б,2021,одноэтажный
57,64009265,нет,да,40,БСУ,Б,2012,одноэтажный
58,33357554,да,да,64,СА-3,Б,2006,одноэтажный
59,87844239,да,да,54,БСУ,Б,2016,одноэтажный
60,32775593,нет,да,72,БСУ,Х,2024,двухэтажный
61,51663795,да,да,36,СА-3,Х,2015,одноэтажный
62,19774839,да,нет,64,СА-3,Б,2012,одноэтажный
63,42747037,да,нет,80,СА-3,Б,2007,двухэтажный
64,79519112,да,да,80,СА-3,Б,2025,одноэтажный
65,81287314,нет,да,80,БСУ,Б,2023,одноэтажный
66,67276174,нет,да,40,БСУ,Б,2024,двухэтажный
67,95585469,да,нет,54,СА-3,Х,2002,одноэтажный
68,41473195,да,да,64,СА-3,Х,2007,одноэтажный
69,30509175,нет,да,54,БСУ,Б,2013,двухэтажный
70,66390708,да,нет,72,СА-3,Б,2024,одноэтажный
71,74019136,да,да,80,БСУ,Б,2013,одноэтажный
72,83300637,нет,нет,54,СА-3,Х,2015,двухэтажный
73,55114543,нет,нет,72,СА-3,Б,2004,одноэтажный
74,81688860,да,да,64,СА-3,Х,2013,двухэтажный
75,71968116,да,да,44,СА-3,Б,2010,одноэтажный
76,60885459,да,нет,54,БСУ,Б,2015,двухэтажный
77,82399599,да,нет,40,СА-3,Б,2020,двухэтажный
78,14164775,нет,да,36,СА-3,Х,2015,одноэтажный
79,85694715,нет,да,44,БСУ,Х,2019,одноэтажный
80,25372341,нет,да,44,СА-3,Б,2009,одноэтажный
81,60372847,да,нет,36,СА-3,Х,2024,одноэтажный
82,90585882,нет,нет,64,СА-3,Б,2013,одноэтажный
83,19255216,да,да,80,БСУ,Б,2003,одноэтажный
84,58612055,да,нет,72,СА-3,Б,2023,одноэтажный
85,97302916,да,нет,64,БСУ,Б,2023,одноэтажный
86,53258988,нет,нет,36,БСУ,Б,2007,одноэтажный
87,86483924,да,да,36,БСУ,Б,2005,одноэтажный
88,57623800,нет,да,64,БСУ,Б,2016,одноэтажный
89,21490777,да,да,64,СА-3,Б,2020,одноэтажный
90,70152969,нет,да,40,БСУ,Б,2009,одноэтажный
91,59529086,да,да,54,БСУ,Б,2014,одноэтажный
92,43742830,да,нет,44,СА-3,Б,2024,одноэтажный
93,35708194,да,да,72,БСУ,Б,2006,одноэтажный
94,58436637,да,да,64,СА-3,Х,2001,одноэтажный
95,26948946,да,нет,36,СА-3,Б,2015,одноэтажный
96,55728776,да,да,80,БСУ,Х,2002,одноэтажный
97,19943140,да,нет,40,СА-3,Б,2009,двухэтажный
98,43311626,да,нет,64,СА-3,Б,2012,одноэтажный
99,69421007,да,да,54,БСУ,Б,2001,одноэтажный
100,23318904,нет,да,40,БСУ,Б,2005,двухэтажный
101,84087145,да,да,54,БСУ,Х,2007,одноэтажный
102,47945817,нет,да,72,СА-3,Б,2025,одноэтажный
103,89160218,нет,нет,54,СА-3,Б,2020,двухэтажный
104,45652586,нет,да,40,БСУ,Б,2018,одноэтажный
105,68942178,да,нет,72,БСУ,Б,2016,одноэтажный
106,68755000,да,да,54,БСУ,Б,2000,двухэтажный
107,87201917,да,да,80,БСУ,Б,2024,одноэтажный
108,73149551,да,да,44,СА-3,Б,2013,одноэтажный
109,75998319,нет,да,54,БСУ,Б,2003,одноэтажный
110,54265498,да,да,72,БСУ,Б,2017,двухэтажный
111,21819185,да,да,80,БСУ,Б,2000,одноэтажный
112,82825679,да,да,64,БСУ,Б,2015,одноэтажный
113,16927215,да,да,44,БСУ,Б,2015,двухэтажный
114,94560158,да,да,40,БСУ,Б,2017,одноэтажный
115,40158811,нет,нет,54,СА-3,Б,2004,одноэтажный
116,49172995,да,да,80,БСУ,Б,2007,одноэтажный
117,29413516,да,нет,64,СА-3,Б,2008,одноэтажный
118,65692629,да,нет,44,СА-3,Х,2009,одноэтажный
119,87835998,нет,да,40,БСУ,Б,2011,одноэтажный
120,82937948,да,нет,80,СА-3,Б,2007,одноэтажный
121,41348220,нет,да,44,БСУ,Б,2025,одноэтажный
122,99078806,нет,нет,40,БСУ,Б,2004,одноэтажный
123,89212676,да,да,80,БСУ,Х,2014,двухэтажный
124,29348212,да,нет,40,СА-3,Б,2008,одноэтажный
125,63349308,да,нет,80,БСУ,Б,2020,одноэтажный
126,75491202,нет,да,36,СА-3,Б,2009,одноэтажный
127,22130508,да,да,72,СА-3,Б,2022,одноэтажный
128,13885234,да,нет,44,БСУ,Б,2004,двухэтажный
129,65304649,да,нет,40,СА-3,Х,2012,одноэтажный
130,42323627,да,да,40,БСУ,Б,2014,одноэтажный
131,11261301,нет,да,44,СА-3,Х,2011,одноэтажный
132,50151803,да,да,44,БСУ,Б,2006,одноэтажный
133,74855088,да,да,44,БСУ,Б,2009,двухэтажный
134,98346110,да,да,80,СА-3,Б,2023,одноэтажный
135,48412328,нет,да,80,БСУ,Х,2006,одноэтажный
136,98473848,нет,да,36,СА-3,Б,2014,двухэтажный
137,58970845,нет,да,44,БСУ,Б,2005,двухэтажный
138,82398083,нет,да,64,БСУ,Б,2008,одноэтажный
139,74672520,нет,да,80,БСУ,Б,2014,одноэтажный
140,28892086,нет,да,72,БСУ,Б,2025,одноэтажный
141,22120246,нет,да,64,СА-3,Б,2021,одноэтажный
142,45186708,да,нет,44,СА-3,Б,2015,двухэтажный
143,85350823,да,нет,72,СА-3,Б,2014,одноэтажный
144,50559278,да,да,36,СА-3,Б,2015,двухэтажный
145,41514326,нет,да,54,БСУ,Б,2023,одноэтажный
146,82503409,да,нет,40,БСУ,Б,2015,одноэтажный
147,47546086,да,да,54,БСУ,Б,2011,двухэтажный
148,59302863,да,нет,44,СА-3,Б,2006,одноэтажный
149,71031132,да,да,72,СА-3,Х,2010,двухэтажный
150,26901217,нет,да,80,СА-3,Б,2007,одноэтажный
151,29804386,нет,да,44,СА-3,Б,2017,одноэтажный
152,33420607,да,нет,40,СА-3,Б,2025,двухэтажный
153,53455870,да,да,40,БСУ,Б,2023,двухэтажный
154,70166480,нет,да,36,БСУ,Б,2019,двухэтажный
155,98436473,да,да,36,СА-3,Б,2012,одноэтажный
156,24490391,да,нет,36,СА-3,Б,2004,двухэтажный
157,46912022,да,да,72,БСУ,Б,2019,одноэтажный
158,70896652,да,да,80,СА-3,Б,2020,одноэтажный
159,83998961,нет,да,54,СА-3,Б,2014,одноэтажный
160,22762205,да,да,44,БСУ,Б,2021,одноэтажный
161,19010480,да,да,54,СА-3,Б,2011,одноэтажный
162,84674816,да,нет,64,БСУ,Б,2013,одноэтажный
163,99300492,нет,да,72,СА-3,Б,2019,одноэтажный
164,23905032,да,да,72,БСУ,Х,2003,одноэтажный
165,84660688,да,нет,64,СА-3,Б,2017,одноэтажный
166,93446356,да,нет,36,БСУ,Х,2008,одноэтажный
167,51471222,нет,да,40,СА-3,Б,2012,двухэтажный
168,94982908,нет,да,64,СА-3,Б,2014,одноэтажный
169,59667685,да,да,64,СА-3,Б,2004,двухэтажный
170,92924837,да,да,54,БСУ,Б,2014,одноэтажный
171,38933176,нет,да,54,СА-3,Х,2021,одноэтажный
172,80723898,нет,да,54,СА-3,Х,2009,одноэтажный
173,28419343,нет,да,36,СА-3,Б,2013,двухэтажный
174,61030579,да,да,64,БСУ,Х,2023,двухэтажный
175,12515446,да,да,44,БСУ,Б,2022,одноэтажный
176,48858073,да,да,44,СА-3,Б,2019,одноэтажный
177,58567046,да,нет,40,БСУ,Б,2016,двухэтажный
178,51644346,нет,да,80,СА-3,Х,2020,двухэтажный
179,78444607,да,нет,44,СА-3,Х,2004,одноэтажный
180,33286644,да,нет,72,СА-3,Х,2024,одноэтажный
181,72270726,нет,нет,54,БСУ,Б,2020,одноэтажный
182,69023966,да,да,44,БСУ,Б,2011,одноэтажный
183,51662236,да,да,44,БСУ,Х,2002,одноэтажный
184,78057490,да,да,80,СА-3,Б,2025,одноэтажный
185,35265073,да,да,40,СА-3,Б,2025,одноэтажный
186,56095437,нет,да,72,СА-3,Х,2022,одноэтажный
187,68978194,да,нет,44,БСУ,Б,2012,одноэтажный
188,55414869,нет,да,72,БСУ,Х,2003,одноэтажный
189,61883769,да,нет,72,СА-3,Б,2018,одноэтажный
190,56952151,да,нет,72,БСУ,Х,2022,одноэтажный
191,51551377,да,нет,44,СА-3,Б,2023,одноэтажный
192,80651318,да,нет,64,БСУ,Х,2009,двухэтажный
193,38748452,да,нет,40,СА-3,Б,2004,двухэтажный
194,23574883,да,да,72,СА-3,Б,2024,одноэтажный
195,90161060,да,да,80,СА-3,Б,2001,одноэтажный
196,41880763,нет,нет,80,БСУ,Х,2007,одноэтажный
197,72950208,нет,да,72,БСУ,Б,2009,одноэтажный
198,77498993,да,нет,80,СА-3,Б,2004,одноэтажный
199,17003454,да,нет,64,СА-3,Б,2016,одноэтажный
200,48260510,да,да,54,СА-3,Б,2002,одноэтажный
201,39801436,нет,нет,36,БСУ,Х,2016,одноэтажный
202,61830338,нет,да,36,БСУ,Б,2022,одноэтажный
203,29602406,да,да,80,БСУ,Б,2004,одноэтажный
204,72962895,да,да,36,СА-3,Х,2004,одноэтажный
205,91722503,да,да,44,СА-3,Б,2001,двухэтажный
206,95758649,нет,да,36,БСУ,Б,2000,одноэтажный
207,87181563,да,да,54,СА-3,Б,2007,одноэтажный
208,35140847,нет,да,44,СА-3,Б,2017,одноэтажный
209,78131950,да,да,54,СА-3,Б,2011,одноэтажный
210,12179995,да,да,40,СА-3,Б,2023,одноэтажный
211,27905932,да,да,80,СА-3,Б,2021,одноэтажный
212,74227366,да,нет,36,БСУ,Х,2006,двухэтажный
213,36772387,нет,да,44,БСУ,Б,2017,одноэтажный
214,14915156,нет,да,44,СА-3,Б,2010,одноэтажный
215,59394697,да,да,54,БСУ,Б,2005,одноэтажный
216,76776459,да,нет,44,СА-3,Б,2002,одноэтажный
217,34220459,да,да,36,БСУ,Б,2009,одноэтажный
218,67192331,да,да,54,СА-3,Б,2011,одноэтажный
219,68376726,да,нет,36,СА-3,Б,2012,одноэтажный
220,31473054,нет,да,64,БСУ,Х,2002,двухэтажный
221,96592295,да,да,64,СА-3,Б,2021,одноэтажный
222,59790013,да,нет,64,СА-3,Б,2012,одноэтажный
223,47405107,да,да,72,СА-3,Б,2012,одноэтажный
224,25805613,да,да,54,СА-3,Б,2009,одноэтажный
225,75927774,да,да,36,БСУ,Х,2022,одноэтажный
226,21783073,нет,нет,44,БСУ,Б,2017,одноэтажный
227,50259503,нет,нет,72,СА-3,Б,2016,двухэтажный
228,36975128,нет,да,54,СА-3,Б,2018,одноэтажный
229,84040798,да,нет,36,БСУ,Б,2022,одноэтажный
230,80557676,да,да,64,СА-3,Х,2010,одноэтажный
231,70394554,да,да,40,СА-3,Б,2004,одноэтажный
232,17437386,нет,да,44,СА-3,Х,2022,двухэтажный
233,79645282,нет,нет,44,СА-3,Б,2017,одноэтажный
234,93889081,да,да,64,СА-3,Б,2018,двухэтажный
235,98413629,да,нет,44,СА-3,Б,2000,двухэтажный
236,96094462,нет,да,40,БСУ,Б,2000,одноэтажный
237,94176528,да,нет,44,БСУ,Х,2025,одноэтажный
238,49920898,да,нет,40,БСУ,Б,2014,двухэтажный
239,91424562,да,нет,44,БСУ,Б,2004,одноэтажный
240,79119463,да,да,54,СА-3,Х,2007,двухэтажный
241,16792127,да,да,64,БСУ,Х,2005,одноэтажный
242,87535841,нет,да,40,БСУ,Б,2014,одноэтажный
243,51411602,да,да,54,БСУ,Б,2006,одноэтажный
244,16530784,да,да,80,БСУ,Х,2000,одноэтажный
245,67838146,да,да,44,БСУ,Б,2012,двухэтажный
246,85405783,да,да,36,БСУ,Б,2024,одноэтажный
247,93650068,нет,да,36,БСУ,Б,2010,одноэтажный
248,59070856,нет,да,64,БСУ,Б,2001,двухэтажный
249,54699966,нет,да,40,СА-3,Б,2019,одноэтажный
250,62741471,нет,нет,44,БСУ,Б,2016,одноэтажный
251,85554415,да,нет,44,БСУ,Б,2013,одноэтажный
252,94457912,да,да,72,СА-3,Б,2018,одноэтажный
253,80361272,да,нет,80,БСУ,Х,2021,двухэтажный
254,86849080,нет,да,36,БСУ,Б,2004,одноэтажный
255,37365878,да,нет,54,СА-3,Б,2016,двухэтажный
256,53627409,нет,да,54,БСУ,Б,2014,одноэтажный
257,55946354,да,нет,80,БСУ,Б,2006,одноэтажный
258,47447604,да,да,44,БСУ,Б,2022,одноэтажный
259,52552488,да,да,80,БСУ,Х,2018,одноэтажный
260,60961690,нет,да,44,СА-3,Х,2009,одноэтажный
261,20607151,да,да,44,БСУ,Х,2017,одноэтажный
262,85432781,нет,да,64,СА-3,Х,2021,одноэтажный
263,40289135,да,да,54,БСУ,Б,2003,одноэтажный
264,28450513,да,да,40,БСУ,Б,2015,одноэтажный
265,36770527,нет,да,44,СА-3,Б,2002,одноэтажный
266,41168067,да,нет,36,СА-3,Б,2005,одноэтажный
267,14877451,нет,да,54,СА-3,Б,2009,одноэтажный
268,11243818,да,нет,44,БСУ,Б,2020,одноэтажный
269,76291802,нет,да,64,БСУ,Х,2025,двухэтажный
270,31809610,нет,нет,72,СА-3,Х,2010,одноэтажный
271,86206305,нет,да,64,БСУ,Б,2016,одноэтажный
272,63798927,нет,да,40,БСУ,Б,2007,двухэтажный
273,61482483,да,нет,44,БСУ,Б,2018,двухэтажный
274,97735896,да,да,72,СА-3,Б,2005,одноэтажный
275,77447155,нет,нет,80,БСУ,Б,2020,одноэтажный
276,49599276,да,да,40,БСУ,Х,2023,одноэтажный
277,60147077,да,да,54,СА-3,Б,2021,одноэтажный
278,20988446,да,да,44,СА-3,Б,2003,двухэтажный
279,83504237,нет,да,64,СА-3,Х,2016,одноэтажный
280,37568520,нет,да,64,БСУ,Б,2014,двухэтажный
281,65757342,да,да,54,БСУ,Б,2012,одноэтажный
282,10404729,нет,да,36,БСУ,Б,2002,одноэтажный
283,18087373,нет,да,54,СА-3,Х,2005,одноэтажный
284,96104027,нет,нет,54,БСУ,Б,2012,одноэтажный
285,60666702,да,нет,72,СА-3,Б,2011,двухэтажный
286,82109613,да,да,40,СА-3,Б,2009,одноэтажный
287,83074216,да,да,40,СА-3,Б,2004,одноэтажный
288,25145751,да,нет,64,СА-3,Х,2002,двухэтажный
289,14506531,да,нет,80,СА-3,Х,2001,одноэтажный
290,41452485,да,нет,80,СА-3,Х,2009,двухэтажный
291,87324220,да,да,72,БСУ,Х,2004,одноэтажный
292,79961132,да,да,36,СА-3,Б,2013,одноэтажный
293,16292676,нет,нет,72,БСУ,Б,2010,одноэтажный
294,64795619,да,да,80,БСУ,Х,2007,одноэтажный
295,29374563,нет,нет,64,БСУ,Б,2017,одноэтажный
296,62132722,да,да,72,СА-3,Б,2011,двухэтажный
297,35566010,да,да,64,СА-3,Б,2006,одноэтажный
298,88864147,нет,да,54,СА-3,Б,2010,одноэтажный
299,12058055,да,да,72,СА-3,Б,2024,одноэтажный
300,42560305,нет,нет,54,СА-3,Б,2024,одноэтажный
301,72579077,да,да,44,БСУ,Б,2015,одноэтажный
302,73013937,нет,да,40,БСУ,Б,2001,одноэтажный
303,39698906,нет,да,64,БСУ,Х,2006,одноэтажный
304,60981231,да,да,64,БСУ,Х,2015,одноэтажный
305,96126771,нет,да,72,БСУ,Х,2023,одноэтажный
306,34702473,нет,да,72,СА-3,Б,2002,одноэтажный
307,99686372,да,да,40,СА-3,Х,2004,двухэтажный
308,77878323,да,да,72,БСУ,Б,2000,двухэтажный
309,84040345,да,да,72,БСУ,Б,2009,двухэтажный
310,67790557,нет,нет,36,СА-3,Б,2007,двухэтажный
311,80659726,да,да,80,БСУ,Х,2012,одноэтажный
312,42642810,нет,да,72,СА-3,Б,2020,одноэтажный
313,22549425,да,да,54,СА-3,Б,2022,двухэтажный
314,77089857,нет,нет,44,СА-3,Б,2001,двухэтажный
315,86072480,да,да,36,БСУ,Б,2018,одноэтажный
316,34072553,нет,да,40,СА-3,Б,2022,одноэтажный
317,20326375,да,да,64,БСУ,Б,2017,одноэтажный
318,28783850,нет,нет,36,БСУ,Х,2013,двухэтажный
319,20202996,да,нет,64,БСУ,Б,2010,двухэтажный
320,46685332,нет,да,40,БСУ,Б,2012,одноэтажный
321,88634827,нет,да,64,БСУ,Б,2022,двухэтажный
322,45966597,да,нет,72,СА-3,Б,2010,одноэтажный
323,22283664,да,да,44,БСУ,Х,2002,двухэтажный
324,70242778,да,да,36,СА-3,Х,2017,двухэтажный
325,90268079,нет,нет,36,БСУ,Б,2024,двухэтажный
326,85099723,нет,нет,64,СА-3,Б,2005,двухэтажный
327,50417154,да,да,40,БСУ,Х,2009,одноэтажный
328,20324210,да,нет,72,БСУ,Б,2006,одноэтажный
329,28185096,да,нет,44,БСУ,Б,2010,одноэтажный
330,67796330,нет,нет,64,СА-3,Б,2019,одноэтажный
331,36957830,да,да,54,БСУ,Х,2022,одноэтажный
332,87293208,нет,да,44,БСУ,Б,2018,двухэтажный
333,83233096,да,нет,36,БСУ,Б,2006,одноэтажный
334,49101812,нет,да,80,БСУ,Б,2004,одноэтажный
335,42483531,да,да,54,БСУ,Х,2019,одноэтажный
336,63795149,да,нет,80,БСУ,Б,2025,одноэтажный
337,82062301,да,нет,36,СА-3,Б,2011,двухэтажный
338,92232236,да,нет,72,БСУ,Б,2010,одноэтажный
339,67774765,да,да,40,СА-3,Б,2012,одноэтажный
340,88999206,нет,да,36,БСУ,Х,2013,одноэтажный
341,21523236,да,нет,40,БСУ,Б,2014,одноэтажный
342,79942848,да,да,54,БСУ,Б,2009,двухэтажный
343,25446483,да,да,36,СА-3,Б,2023,двухэтажный
344,33414716,да,да,54,БСУ,Х,2012,одноэтажный
345,35016429,да,да,36,СА-3,Б,2013,одноэтажный
346,38829445,да,нет,80,СА-3,Б,2025,одноэтажный
347,35093324,да,да,36,БСУ,Б,2015,одноэтажный
348,95779702,да,да,54,СА-3,Б,2014,одноэтажный
349,49922369,нет,да,72,СА-3,Б,2007,одноэтажный
350,34567819,да,да,54,БСУ,Б,2018,одноэтажный
351,34931439,да,да,72,СА-3,Б,2015,одноэтажный
352,35111946,да,да,36,БСУ,Б,2015,двухэтажный
353,61532114,нет,да,54,БСУ,Б,2013,одноэтажный
354,69572772,да,да,36,СА-3,Х,2008,двухэтажный
355,48744673,да,да,72,БСУ,Б,2003,одноэтажный
356,45955440,нет,нет,44,СА-3,Б,2014,одноэтажный
357,67063296,да,нет,80,СА-3,Х,2001,одноэтажный
358,56785209,нет,да,80,СА-3,Б,2007,двухэтажный
359,88909809,нет,нет,64,БСУ,Х,2004,одноэтажный
360,37775381,нет,да,64,БСУ,Б,2005,одноэтажный
361,49276764,да,да,80,СА-3,Х,2024,одноэтажный
362,17957216,нет,нет,40,СА-3,Х,2022,одноэтажный
363,43226234,нет,нет,54,СА-3,Б,2008,одноэтажный
364,60354777,да,нет,80,СА-3,Б,2023,одноэтажный
365,59535894,да,да,64,СА-3,Б,2023,двухэтажный
366,71532017,да,нет,80,СА-3,Б,2012,двухэтажный
367,67665720,нет,да,44,БСУ,Б,2018,двухэтажный
368,75140950,нет,нет,80,СА-3,Х,2020,одноэтажный
369,71684020,да,нет,40,БСУ,Б,2013,двухэтажный
370,27705074,нет,да,80,БСУ,Х,2011,одноэтажный
371,59908025,нет,нет,36,БСУ,Б,2023,одноэтажный
372,41426254,да,да,36,СА-3,Х,2002,двухэтажный
373,40358823,да,да,36,БСУ,Б,2013,одноэтажный
374,74115841,да,да,72,СА-3,Х,2011,одноэтажный
375,28405182,да,нет,80,СА-3,Б,2021,двухэтажный
376,81203615,да,нет,40,БСУ,Б,2006,одноэтажный
377,30317091,нет,нет,54,СА-3,Х,2003,двухэтажный
378,26529882,да,да,54,БСУ,Б,2007,одноэтажный
379,21307671,да,нет,72,БСУ,Б,2022,двухэтажный
380,98369672,нет,да,64,СА-3,Б,2009,одноэтажный
381,42123815,да,да,54,СА-3,Б,2000,одноэтажный
382,52476240,да,нет,64,БСУ,Б,2021,двухэтажный
383,73218512,нет,нет,36,СА-3,Х,2006,двухэтажный
384,18115992,нет,да,44,БСУ,Б,2012,двухэтажный
385,82016510,да,да,36,БСУ,Х,2006,одноэтажный
386,30854365,да,да,72,СА-3,Б,2013,одноэтажный
387,42029368,да,да,54,СА-3,Б,2019,двухэтажный
388,99399687,нет,нет,36,СА-3,Б,2022,двухэтажный
389,76627415,нет,да,80,БСУ,Х,2004,одноэтажный
390,46072958,нет,да,36,БСУ,Б,2008,одноэтажный
391,45292504,нет,да,36,БСУ,Б,2011,двухэтажный
392,86086168,да,да,80,СА-3,Б,2021,одноэтажный
393,40655922,нет,да,80,СА-3,Х,2015,одноэтажный
394,30144023,да,нет,36,БСУ,Х,2007,одноэтажный
395,52940967,да,да,44,СА-3,Б,2001,двухэтажный
396,79226031,нет,нет,36,БСУ,Б,2024,одноэтажный
397,53929586,да,да,44,СА-3,Х,2025,одноэтажный
398,93579731,да,да,54,СА-3,Б,2017,одноэтажный
399,42900372,да,нет,36,СА-3,Б,2020,одноэтажный
400,11287794,нет,да,72,БСУ,Б,2023,одноэтажный
401,37540722,да,да,54,СА-3,Б,2004,одноэтажный
402,22485824,да,да,80,БСУ,Б,2011,одноэтажный
403,21395409,да,да,72,БСУ,Х,2018,двухэтажный
404,98911718,нет,да,44,БСУ,Б,2012,одноэтажный
405,53788744,да,да,36,СА-3,Х,2024,одноэтажный
406,30858851,да,да,44,БСУ,Х,2011,одноэтажный
407,37868462,да,да,80,СА-3,Х,2025,одноэтажный
408,90973889,да,нет,44,СА-3,Х,2007,одноэтажный
409,63183031,да,нет,44,СА-3,Х,2012,одноэтажный
410,84618850,нет,да,54,СА-3,Б,2004,двухэтажный
411,18277097,нет,нет,40,СА-3,Б,2011,одноэтажный
412,96528158,да,да,80,СА-3,Х,2002,двухэтажный
413,96702893,да,да,80,БСУ,Х,2014,двухэтажный
414,87025433,да,нет,54,СА-3,Б,2013,двухэтажный
415,38818707,нет,да,54,СА-3,Х,2019,одноэтажный
416,96876236,да,да,64,БСУ,Х,2008,одноэтажный
417,66268745,да,нет,64,СА-3,Б,2025,одноэтажный
418,12621269,нет,нет,44,БСУ,Б,2015,одноэтажный
419,85920407,да,да,40,СА-3,Б,2007,двухэтажный
420,47706144,да,нет,64,БСУ,Б,2007,одноэтажный
421,23439803,да,да,64,СА-3,Б,2007,одноэтажный
422,62133188,да,нет,80,СА-3,Х,2018,одноэтажный
423,58155056,нет,да,72,БСУ,Б,2018,двухэтажный
424,35264294,нет,нет,54,БСУ,Х,2001,двухэтажный
425,41222178,да,да,54,СА-3,Б,2019,двухэтажный
426,27514010,да,да,80,БСУ,Х,2004,одноэтажный
427,29012298,нет,нет,80,БСУ,Б,2011,одноэтажный
428,98870866,да,да,44,БСУ,Х,2005,одноэтажный
429,68635481,нет,нет,72,БСУ,Х,2017,одноэтажный
430,92370625,нет,да,64,СА-3,Б,2023,одноэтажный
431,27092408,да,да,72,БСУ,Б,2024,одноэтажный
432,14346338,да,да,80,СА-3,Б,2003,одноэтажный
433,28876833,да,да,44,БСУ,Х,2002,одноэтажный
434,99929175,да,нет,54,СА-3,Х,2007,одноэтажный
435,57040785,да,да,36,СА-3,Б,2023,одноэтажный
436,32325567,нет,да,54,БСУ,Б,2003,одноэтажный
437,87585294,нет,нет,40,БСУ,Х,2001,одноэтажный
438,52777459,да,да,44,СА-3,Б,2005,одноэтажный
439,83423305,нет,нет,44,БСУ,Б,2013,одноэтажный
440,32145548,да,да,36,СА-3,Б,2006,одноэтажный
441,84371711,нет,нет,44,БСУ,Х,2003,двухэтажный
442,86741644,да,да,36,БСУ,Х,2002,одноэтажный
443,98854850,да,да,36,СА-3,Х,2020,одноэтажный
444,20997276,да,да,80,БСУ,Б,2021,одноэтажный
445,96149847,да,да,54,БСУ,Х,2001,одноэтажный
446,72419022,да,нет,64,СА-3,Х,2022,одноэтажный
447,21503440,нет,нет,54,СА-3,Б,2012,одноэтажный
448,66187845,нет,нет,54,СА-3,Б,2002,одноэтажный
449,14661179,да,нет,80,СА-3,Х,2024,одноэтажный
450,32436477,нет,нет,40,СА-3,Б,2021,одноэтажный
451,94184877,да,да,44,СА-3,Х,2017,одноэтажный
452,53771998,нет,да,80,СА-3,Б,2019,одноэтажный
453,66316931,да,да,64,СА-3,Б,2018,одноэтажный
454,48398732,нет,нет,54,БСУ,Б,2015,одноэтажный
455,73491242,да,да,40,БСУ,Х,2010,одноэтажный
456,16615722,нет,нет,44,СА-3,Б,2025,одноэтажный
457,47627490,нет,нет,72,СА-3,Б,2007,двухэтажный
458,69473299,нет,да,72,БСУ,Б,2002,двухэтажный
459,38372352,нет,да,54,БСУ,Б,2016,одноэтажный
460,18806960,да,да,40,СА-3,Х,2006,одноэтажный
461,43486016,да,да,44,СА-3,Х,2014,одноэтажный
462,95283260,нет,нет,40,БСУ,Б,2014,двухэтажный
463,73697356,да,да,40,БСУ,Б,2022,двухэтажный
464,13684342,да,да,64,СА-3,Б,2020,двухэтажный
465,37746963,да,да,36,СА-3,Б,2004,одноэтажный
466,90683906,нет,да,64,БСУ,Б,2022,одноэтажный
467,66882385,нет,нет,54,БСУ,Х,2009,одноэтажный
468,93698993,да,да,64,БСУ,Б,2019,одноэтажный
469,50060760,нет,да,44,БСУ,Б,2008,одноэтажный
470,97438349,да,да,80,СА-3,Б,2025,одноэтажный
471,90535106,да,да,40,СА-3,Б,2009,одноэтажный
472,66178935,да,нет,64,СА-3,Б,2022,двухэтажный
473,81757508,да,да,72,БСУ,Б,2005,одноэтажный
474,84926784,да,да,40,БСУ,Б,2017,одноэтажный
475,34571018,нет,нет,72,СА-3,Х,2007,одноэтажный
476,51216287,да,нет,44,БСУ,Б,2014,одноэтажный
477,73154349,да,нет,64,СА-3,Б,2006,одноэтажный
478,61226775,да,да,80,СА-3,Х,2006,одноэтажный
479,86424055,нет,нет,40,БСУ,Б,2005,одноэтажный
480,75441993,да,нет,44,СА-3,Х,2008,двухэтажный
481,32629881,да,да,80,СА-3,Х,2013,одноэтажный
482,64142556,да,да,36,СА-3,Б,2023,одноэтажный
483,11889398,нет,нет,64,СА-3,Х,2000,одноэтажный
484,43396474,да,нет,44,СА-3,Х,2016,одноэтажный
485,32417070,да,да,44,БСУ,Б,2019,одноэтажный
486,68205561,нет,нет,44,БСУ,Б,2006,двухэтажный
487,64142310,да,да,40,СА-3,Б,2018,одноэтажный
488,26530521,да,нет,36,БСУ,Б,2008,одноэтажный
489,93635734,да,нет,72,СА-3,Б,2000,двухэтажный
490,25541047,да,да,64,БСУ,Б,2004,двухэтажный
491,94598956,да,да,36,БСУ,Б,2022,двухэтажный
492,24081350,да,нет,44,СА-3,Б,2015,двухэтажный
493,36809908,нет,нет,40,БСУ,Б,2009,двухэтажный
494,83569939,да,да,54,БСУ,Х,2000,одноэтажный
495,24821786,нет,нет,40,СА-3,Б,2002,одноэтажный
496,23594977,нет,нет,54,БСУ,Х,2001,двухэтажный
497,33448079,нет,нет,44,БСУ,Б,2003,двухэтажный
498,16159129,да,да,72,СА-3,Б,2014,одноэтажный
499,46011877,нет,да,80,БСУ,Х,2012,одноэтажный
500,71275585,да,да,80,БСУ,Б,2020,одноэтажный
501,32384662,да,нет,36,СА-3,Х,2018,одноэтажный
502,86362294,нет,да,54,БСУ,Б,2021,одноэтажный
503,27536261,да,да,54,БСУ,Х,2008,одноэтажный
504,11658959,нет,нет,80,СА-3,Б,2021,одноэтажный
505,79672379,да,нет,36,БСУ,Б,2007,одноэтажный
506,99081734,нет,да,80,СА-3,Х,2005,одноэтажный
507,72986894,нет,нет,36,БСУ,Б,2010,одноэтажный
508,16757958,да,да,54,БСУ,Б,2002,одноэтажный
509,86911446,да,нет,54,БСУ,Х,2015,одноэтажный
510,12384932,да,да,64,СА-3,Б,2025,одноэтажный
511,93089652,да,нет,64,СА-3,Б,2014,одноэтажный
512,58767001,нет,нет,80,БСУ,Б,2024,одноэтажный
513,73502927,нет,да,54,СА-3,Х,2021,двухэтажный
514,55816176,да,нет,80,БСУ,Б,2011,одноэтажный
515,16144233,нет,да,80,БСУ,Х,2019,двухэтажный
516,26206227,нет,да,54,СА-3,Б,2003,одноэтажный
517,16241172,нет,нет,64,СА-3,Б,2014,одноэтажный
518,89096676,нет,да,54,СА-3,Б,2001,одноэтажный
519,68090825,нет,да,64,СА-3,Б,2005,одноэтажный
520,27231111,да,нет,64,БСУ,Б,2012,одноэтажный
521,91737749,нет,нет,44,БСУ,Б,2009,одноэтажный
522,27900864,да,нет,72,БСУ,Б,2017,одноэтажный
523,84300459,да,да,64,БСУ,Б,2021,двухэтажный
524,97253117,нет,да,64,БСУ,Б,2024,одноэтажный
525,74474159,да,нет,72,БСУ,Б,2017,одноэтажный
526,66691738,нет,да,36,БСУ,Х,2021,двухэтажный
527,45833216,нет,да,44,БСУ,Х,2001,одноэтажный
528,49613096,да,да,44,БСУ,Х,2021,одноэтажный
529,40106027,нет,да,40,БСУ,Б,2001,одноэтажный
530,62016704,да,нет,72,БСУ,Б,2001,двухэтажный
531,43734435,да,нет,80,БСУ,Б,2020,одноэтажный
532,96923747,да,да,72,СА-3,Б,2006,одноэтажный
533,33813700,нет,да,40,СА-3,Б,2013,одноэтажный
534,45465638,да,да,44,СА-3,Б,2022,одноэтажный
535,15360735,да,да,36,БСУ,Б,2018,одноэтажный
536,19781894,нет,да,40,СА-3,Б,2025,одноэтажный
537,65825346,да,да,44,СА-3,Б,2021,одноэтажный
538,58425464,да,нет,64,БСУ,Б,2024,одноэтажный
539,11181612,да,да,40,СА-3,Б,2021,одноэтажный
540,61186964,нет,нет,54,БСУ,Б,2009,двухэтажный
541,79372824,нет,да,80,БСУ,Б,2009,одноэтажный
542,35838575,да,да,36,СА-3,Б,2024,одноэтажный
543,10983894,да,да,72,СА-3,Б,2013,одноэтажный
544,37592422,да,нет,72,БСУ,Б,2002,одноэтажный
545,30636590,да,нет,36,СА-3,Х,2005,одноэтажный
546,84904794,да,нет,44,БСУ,Б,2020,одноэтажный
547,52467059,да,нет,64,СА-3,Б,2019,двухэтажный
548,88598977,да,нет,44,СА-3,Х,2021,одноэтажный
549,21610534,да,нет,54,БСУ,Б,2000,одноэтажный
550,81600831,да,нет,80,БСУ,Б,2004,одноэтажный
551,96965116,да,нет,64,СА-3,Х,2000,одноэтажный
552,62892750,да,нет,44,СА-3,Б,2023,одноэтажный
553,65385548,нет,нет,40,СА-3,Х,2019,одноэтажный
554,36082023,да,нет,64,СА-3,Б,2017,одноэтажный
555,83774735,да,нет,44,СА-3,Х,2018,одноэтажный
556,54406060,да,нет,40,СА-3,Х,2002,одноэтажный
557,52652506,да,да,72,БСУ,Б,2004,одноэтажный
558,58921480,нет,нет,40,СА-3,Б,2025,двухэтажный
559,96011893,да,нет,40,БСУ,Б,2014,одноэтажный
560,50999730,да,да,72,СА-3,Б,2004,одноэтажный
561,36364647,да,нет,36,СА-3,Б,2016,одноэтажный
562,88100019,да,нет,40,СА-3,Б,2017,одноэтажный
563,82434236,да,нет,44,БСУ,Х,2024,одноэтажный
564,49057246,да,да,36,БСУ,Б,2000,одноэтажный
565,92414513,нет,нет,40,БСУ,Х,2018,одноэтажный
566,98504955,нет,да,72,БСУ,Б,2001,двухэтажный
567,75450221,да,да,40,СА-3,Б,2016,одноэтажный
568,58486337,да,нет,36,СА-3,Б,2010,двухэтажный
569,79977486,да,да,72,БСУ,Б,2018,двухэтажный
570,97734815,да,да,80,СА-3,Б,2012,одноэтажный
571,39917031,да,да,80,БСУ,Б,2015,одноэтажный
572,10885526,да,да,40,СА-3,Х,2020,одноэтажный
573,30164926,да,да,72,СА-3,Б,2013,одноэтажный
574,25212062,да,да,40,СА-3,Б,2013,двухэтажный
575,15790734,да,да,40,СА-3,Б,2004,двухэтажный
576,44663022,нет,да,54,СА-3,Б,2023,одноэтажный
577,48044635,нет,да,64,БСУ,Б,2005,двухэтажный
578,65132193,да,нет,80,СА-3,Б,2016,одноэтажный
579,55992559,нет,да,36,СА-3,Б,2004,двухэтажный
580,37158762,да,нет,72,БСУ,Б,2019,двухэтажный
581,73870080,нет,да,80,СА-3,Х,2021,двухэтажный
582,90996996,да,да,80,БСУ,Б,2011,одноэтажный
583,81110769,да,нет,54,БСУ,Б,2025,одноэтажный
584,87325627,да,да,54,СА-3,Б,2002,одноэтажный
585,82978342,да,да,72,СА-3,Б,2003,одноэтажный
586,60335658,нет,нет,44,БСУ,Б,2004,одноэтажный
587,88567056,да,нет,54,БСУ,Б,2021,одноэтажный
588,37339300,да,нет,54,СА-3,Б,2017,одноэтажный
589,51158280,да,нет,54,СА-3,Б,2021,двухэтажный
590,40839382,да,нет,40,СА-3,Х,2012,одноэтажный
591,83897088,да,нет,36,СА-3,Б,2020,двухэтажный
592,22225702,нет,да,64,БСУ,Х,2008,двухэтажный
593,20742751,да,нет,54,БСУ,Б,2019,двухэтажный
594,33524492,да,да,40,БСУ,Х,2025,одноэтажный
595,79231333,нет,нет,72,СА-3,Б,2020,двухэтажный
596,31131878,да,да,54,БСУ,Б,2012,одноэтажный
597,79490249,да,нет,36,БСУ,Б,2017,одноэтажный
598,56720553,да,нет,40,СА-3,Б,2012,одноэтажный
599,45045256,да,да,64,СА-3,Б,2010,одноэтажный
600,78892172,нет,нет,80,БСУ,Б,2012,одноэтажный
601,42651583,нет,нет,54,БСУ,Б,2000,одноэтажный
602,44603983,да,нет,40,СА-3,Б,2013,одноэтажный
603,79324022,да,нет,44,СА-3,Х,2012,одноэтажный
604,55901507,да,нет,54,БСУ,Б,2018,одноэтажный
605,35523849,да,да,72,СА-3,Б,2006,двухэтажный
606,43513553,нет,да,80,СА-3,Х,2002,одноэтажный
607,99043272,да,да,80,СА-3,Б,2011,одноэтажный
608,76080806,нет,нет,64,БСУ,Б,2024,одноэтажный
609,47616749,да,нет,40,СА-3,Б,2013,одноэтажный
610,82580645,да,да,80,СА-3,Б,2003,одноэтажный
611,71749629,да,да,72,СА-3,Б,2003,одноэтажный
612,92245683,нет,да,44,СА-3,Х,2019,одноэтажный
613,34684475,да,да,72,БСУ,Б,2012,одноэтажный
614,34144323,да,нет,72,СА-3,Б,2023,одноэтажный
615,41649234,да,нет,40,СА-3,Б,2023,двухэтажный
616,11307588,да,да,80,БСУ,Б,2009,одноэтажный
617,86213459,да,да,40,СА-3,Х,2008,одноэтажный
618,94538675,да,нет,44,БСУ,Б,2017,одноэтажный
619,44589898,да,да,44,СА-3,Б,2020,одноэтажный
620,33426205,нет,да,44,БСУ,Б,2014,одноэтажный
621,61146483,да,да,40,СА-3,Б,2010,одноэтажный
622,92182875,да,нет,36,СА-3,Х,2007,одноэтажный
623,97645934,да,да,72,БСУ,Х,2014,одноэтажный
624,58743159,нет,да,54,БСУ,Х,2000,двухэтажный
625,41491128,нет,нет,72,СА-3,Х,2012,двухэтажный
626,18562070,нет,да,36,СА-3,Б,2016,одноэтажный
627,21173787,да,нет,36,БСУ,Б,2007,одноэтажный
628,69479985,да,да,80,СА-3,Х,2021,одноэтажный
629,53647781,нет,да,80,БСУ,Б,2004,одноэтажный
630,82381952,да,да,72,БСУ,Б,2020,одноэтажный
631,56596140,да,да,36,БСУ,Б,2013,одноэтажный
632,50744867,да,да,80,СА-3,Б,2015,одноэтажный
633,76025948,нет,да,36,БСУ,Б,2019,двухэтажный
634,10968781,да,да,64,БСУ,Б,2005,одноэтажный
635,96703417,да,да,44,СА-3,Б,2007,одноэтажный
636,92304487,нет,нет,44,БСУ,Б,2002,двухэтажный
637,48868823,да,да,54,БСУ,Б,2015,двухэтажный
638,12603206,да,нет,36,СА-3,Б,2009,одноэтажный
639,68843284,нет,да,40,СА-3,Б,2010,одноэтажный
640,76893545,нет,да,80,СА-3,Б,2024,одноэтажный
641,17521339,да,да,64,БСУ,Х,2008,одноэтажный
642,11693222,да,нет,40,БСУ,Б,2014,двухэтажный
643,14497675,да,нет,36,СА-3,Б,2021,одноэтажный
644,53360807,да,нет,72,СА-3,Х,2020,одноэтажный
645,58375646,нет,нет,40,СА-3,Х,2013,одноэтажный
646,32462726,нет,да,54,СА-3,Х,2001,одноэтажный
647,73789750,нет,да,80,СА-3,Х,2015,двухэтажный
648,93033107,да,нет,80,СА-3,Х,2020,двухэтажный
649,81988124,нет,да,40,БСУ,Б,2025,одноэтажный
650,56616197,нет,да,40,СА-3,Б,2011,одноэтажный
651,43647879,нет,да,54,БСУ,Б,2015,двухэтажный
652,35048615,да,да,54,БСУ,Б,2019,одноэтажный
653,84426456,да,да,54,БСУ,Б,2017,одноэтажный
654,10096613,нет,да,72,СА-3,Б,2019,одноэтажный
655,93241474,да,нет,72,БСУ,Х,2021,одноэтажный
656,84016756,да,да,54,БСУ,Х,2016,одноэтажный
657,15875684,нет,да,80,СА-3,Х,2015,двухэтажный
658,14270425,да,нет,72,БСУ,Б,2022,одноэтажный
659,16588161,да,нет,36,СА-3,Б,2006,одноэтажный
660,20731620,да,нет,44,БСУ,Б,2025,одноэтажный
661,92803389,да,да,36,БСУ,Х,2006,одноэтажный
662,23035125,да,да,54,СА-3,Х,2021,двухэтажный
663,93929707,нет,да,64,БСУ,Б,2024,одноэтажный
664,58045029,нет,нет,54,СА-3,Х,2005,одноэтажный
665,77738718,да,да,64,БСУ,Б,2010,одноэтажный
666,53574336,нет,да,72,БСУ,Б,2010,одноэтажный
667,85584002,да,да,64,БСУ,Б,2014,одноэтажный
668,63296593,да,да,44,СА-3,Б,2009,двухэтажный
669,39781129,да,да,80,БСУ,Б,2016,одноэтажный
670,86720441,да,да,44,СА-3,Х,2011,одноэтажный
671,43535226,да,нет,36,БСУ,Б,2006,одноэтажный
672,53579429,нет,да,80,СА-3,Б,2009,двухэтажный
673,87347488,да,нет,80,БСУ,Б,2013,одноэтажный
674,26178675,нет,да,72,СА-3,Б,2020,одноэтажный
675,50907334,да,да,64,СА-3,Б,2022,двухэтажный
676,16780654,нет,нет,54,СА-3,Х,2009,одноэтажный
677,29865888,да,да,64,СА-3,Б,2008,двухэтажный
678,77353558,да,нет,80,СА-3,Б,2006,одноэтажный
679,97543303,да,да,72,СА-3,Х,2008,одноэтажный
680,53407575,нет,да,36,БСУ,Б,2011,двухэтажный
681,56241350,да,да,44,СА-3,Б,2019,одноэтажный
682,69352435,да,да,80,СА-3,Х,2011,двухэтажный
683,21517819,да,да,64,СА-3,Б,2009,двухэтажный
684,24935479,да,да,44,СА-3,Б,2006,двухэтажный
685,80231557,нет,да,64,СА-3,Б,2021,двухэтажный
686,88249598,нет,да,44,СА-3,Х,2006,одноэтажный
687,92941828,да,да,36,СА-3,Б,2008,одноэтажный
688,98597172,да,да,44,БСУ,Х,2012,одноэтажный
689,23368583,нет,да,64,СА-3,Х,2016,одноэтажный
690,85254207,нет,да,40,БСУ,Б,2012,одноэтажный
691,12465878,да,да,72,БСУ,Х,2016,одноэтажный
692,18322800,да,нет,80,СА-3,Б,2008,двухэтажный
693,55873760,нет,нет,36,БСУ,Б,2021,одноэтажный
694,93956490,нет,да,64,СА-3,Б,2009,одноэтажный
695,54195849,да,да,72,СА-3,Б,2021,одноэтажный
696,28536762,да,нет,64,СА-3,Б,2024,двухэтажный
697,85812116,нет,да,64,СА-3,Х,2004,одноэтажный
698,52773504,нет,да,54,БСУ,Б,2020,одноэтажный
699,46748299,да,да,40,СА-3,Х,2019,одноэтажный
700,91282861,да,да,40,СА-3,Б,2011,двухэтажный
701,73968467,да,нет,54,БСУ,Х,2012,одноэтажный
702,28456645,да,да,54,СА-3,Б,2013,двухэтажный
703,37223861,нет,да,54,БСУ,Б,2014,одноэтажный
704,67385552,да,да,72,БСУ,Б,2012,одноэтажный
705,86763742,да,да,72,СА-3,Б,2014,одноэтажный
706,15692967,нет,да,64,БСУ,Б,2001,одноэтажный
707,79273350,нет,нет,40,БСУ,Б,2009,одноэтажный
708,48374806,да,да,64,СА-3,Б,2004,одноэтажный
709,96718276,да,нет,36,СА-3,Б,2022,одноэтажный
710,62756521,да,да,40,БСУ,Б,2022,одноэтажный
711,71026547,да,да,72,СА-3,Б,2003,двухэтажный
712,70317234,да,да,72,БСУ,Б,2016,одноэтажный
713,31461370,да,да,80,СА-3,Б,2018,одноэтажный
714,30144703,да,да,80,СА-3,Б,2009,одноэтажный
715,69895766,да,да,40,СА-3,Х,2024,одноэтажный
716,71557975,да,да,80,СА-3,Б,2015,двухэтажный
717,89035763,нет,да,54,СА-3,Б,2000,двухэтажный
718,83462947,да,нет,80,СА-3,Х,2004,двухэтажный
719,56844649,да,нет,72,БСУ,Б,2002,двухэтажный
720,65963010,нет,да,44,СА-3,Б,2023,одноэтажный
721,14810369,да,да,44,БСУ,Б,2024,одноэтажный
722,83882978,да,да,36,БСУ,Б,2013,одноэтажный
723,38058347,да,да,72,СА-3,Б,2022,одноэтажный
724,48545627,да,нет,44,БСУ,Б,2019,одноэтажный
725,79753731,нет,да,80,СА-3,Б,2007,одноэтажный
726,35978571,да,да,72,СА-3,Б,2006,одноэтажный
727,65650977,да,да,64,СА-3,Х,2006,одноэтажный
728,44147341,нет,да,64,БСУ,Б,2003,одноэтажный
729,55816776,да,да,36,СА-3,Х,2010,одноэтажный
730,74304823,нет,нет,72,СА-3,Б,2020,одноэтажный
731,82070563,нет,да,80,БСУ,Б,2001,одноэтажный
732,50177237,да,нет,64,СА-3,Х,2021,одноэтажный
733,57458790,да,да,80,СА-3,Б,2012,одноэтажный
734,32276047,да,да,64,СА-3,Б,2024,одноэтажный
735,52211394,нет,да,36,БСУ,Б,2011,одноэтажный
736,50618137,да,да,36,БСУ,Б,2024,двухэтажный
737,22429114,да,да,54,СА-3,Х,2015,одноэтажный
738,80280155,да,да,80,СА-3,Б,2016,одноэтажный
739,27812995,да,да,54,СА-3,Х,2001,одноэтажный
740,89763928,нет,да,36,СА-3,Б,2021,одноэтажный
741,13017249,да,да,40,БСУ,Х,2009,одноэтажный
742,52835559,нет,нет,44,СА-3,Х,2003,двухэтажный
743,93610257,да,да,64,БСУ,Б,2008,двухэтажный
744,48019546,да,да,44,БСУ,Б,2001,двухэтажный
745,73181059,нет,да,54,СА-3,Х,2012,двухэтажный
746,90010054,нет,нет,72,БСУ,Б,2009,одноэтажный
747,36594858,нет,нет,64,СА-3,Б,2024,одноэтажный
748,86207390,да,нет,72,БСУ,Х,2009,одноэтажный
749,72464469,да,нет,40,БСУ,Б,2012,двухэтажный
750,99279031,да,нет,44,БСУ,Б,2002,одноэтажный
751,57169588,да,нет,44,БСУ,Б,2004,одноэтажный
752,64450250,нет,нет,44,СА-3,Б,2017,одноэтажный
753,89260394,да,нет,64,СА-3,Б,2012,двухэтажный
754,37949250,нет,да,80,БСУ,Б,2010,одноэтажный
755,41696096,да,нет,72,БСУ,Х,2019,одноэтажный
756,84502610,да,да,44,БСУ,Х,2003,одноэтажный
757,90048179,нет,да,54,СА-3,Х,2004,одноэтажный
758,95380301,нет,нет,72,СА-3,Б,2009,одноэтажный
759,87568641,да,да,44,БСУ,Б,2021,одноэтажный
760,68348074,нет,нет,36,СА-3,Б,2016,одноэтажный
761,27120235,нет,да,64,СА-3,Х,2017,одноэтажный
762,58216998,да,да,36,СА-3,Б,2018,одноэтажный
763,52698324,нет,да,54,СА-3,Б,2015,двухэтажный
764,84547422,да,нет,80,БСУ,Х,2021,двухэтажный
765,11557295,да,да,72,БСУ,Б,2004,двухэтажный
766,96200382,нет,нет,80,БСУ,Б,2014,одноэтажный
767,84094900,нет,да,40,СА-3,Б,2000,одноэтажный
768,41776042,нет,да,64,БСУ,Х,2001,одноэтажный
769,59469782,да,да,72,СА-3,Х,2023,одноэтажный
770,47503167,да,да,64,СА-3,Х,2020,одноэтажный
771,99753695,да,нет,80,БСУ,Б,2010,одноэтажный
772,11447323,да,да,54,БСУ,Б,2025,одноэтажный
773,32482565,да,нет,72,БСУ,Б,2018,одноэтажный
774,94463223,да,да,36,БСУ,Б,2019,двухэтажный
775,75063411,да,да,80,БСУ,Х,2019,одноэтажный
776,44488013,да,да,40,СА-3,Б,2011,одноэтажный
777,45064728,нет,да,40,СА-3,Б,2002,одноэтажный
778,89932574,нет,да,54,БСУ,Б,2007,одноэтажный
779,95573823,да,да,80,БСУ,Х,2008,одноэтажный
780,25568500,да,да,54,БСУ,Б,2024,одноэтажный
781,41361490,да,нет,54,БСУ,Х,2013,двухэтажный
782,70239684,да,да,64,СА-3,Х,2017,одноэтажный
783,67953319,да,нет,44,БСУ,Х,2025,двухэтажный
784,97824468,да,да,72,СА-3,Б,2018,одноэтажный
785,79786819,да,нет,40,БСУ,Б,2021,двухэтажный
786,19120357,да,да,36,БСУ,Б,2023,одноэтажный
787,35914696,да,нет,36,СА-3,Б,2020,двухэтажный
788,26103055,да,нет,54,СА-3,Б,2022,двухэтажный
789,49536330,да,нет,72,БСУ,Б,2008,одноэтажный
790,99600963,нет,да,40,СА-3,Х,2001,одноэтажный
791,54648162,нет,да,80,БСУ,Х,2002,одноэтажный
792,36933352,да,да,54,СА-3,Х,2024,одноэтажный
793,92405160,да,нет,72,БСУ,Х,2002,двухэтажный
794,43634472,нет,да,54,СА-3,Б,2000,одноэтажный
795,99201885,да,да,44,БСУ,Б,2016,одноэтажный
796,75857881,да,да,72,СА-3,Б,2000,одноэтажный
797,74701849,да,да,44,БСУ,Б,2012,двухэтажный
798,96848857,да,да,44,СА-3,Б,2024,одноэтажный
799,96945247,да,да,54,СА-3,Х,2012,одноэтажный
800,94639988,нет,да,72,БСУ,Б,2004,двухэтажный
801,13404379,нет,да,54,БСУ,Х,2017,одноэтажный
802,77066471,да,нет,54,СА-3,Х,2001,одноэтажный
803,15746469,да,да,72,БСУ,Б,2017,двухэтажный
804,87758465,да,да,72,СА-3,Б,2000,одноэтажный
805,92996496,да,нет,40,СА-3,Х,2001,одноэтажный
806,23058343,да,да,64,СА-3,Б,2003,двухэтажный
807,89856515,нет,да,80,СА-3,Б,2025,одноэтажный
808,63956682,да,нет,64,СА-3,Б,2025,двухэтажный
809,16118522,да,да,36,БСУ,Х,2013,двухэтажный
810,59650807,да,да,64,СА-3,Х,2025,одноэтажный
811,92200507,да,да,54,СА-3,Х,2005,одноэтажный
812,97477181,да,да,72,БСУ,Б,2006,двухэтажный
813,46366259,да,да,40,СА-3,Б,2022,одноэтажный
814,21814004,да,нет,44,БСУ,Х,2007,двухэтажный
815,81162107,нет,нет,80,СА-3,Б,2020,одноэтажный
816,47101348,да,да,40,БСУ,Б,2005,одноэтажный
817,15786878,да,да,40,БСУ,Х,2019,одноэтажный
818,70820445,да,нет,64,СА-3,Х,2000,одноэтажный
819,25577992,да,да,54,БСУ,Б,2023,одноэтажный
820,53712695,да,да,40,СА-3,Х,2013,одноэтажный
821,60403103,нет,да,64,БСУ,Х,2013,двухэтажный
822,91796786,да,да,40,БСУ,Б,2020,одноэтажный
823,46197787,да,да,72,СА-3,Х,2003,одноэтажный
824,71549421,да,нет,40,БСУ,Б,2025,одноэтажный
825,92077910,нет,да,64,СА-3,Х,2016,одноэтажный
826,39050434,да,нет,44,СА-3,Б,2023,одноэтажный
827,43263373,да,да,64,СА-3,Б,2000,одноэтажный
828,15935671,да,да,80,СА-3,Б,2012,одноэтажный
829,23153230,да,да,64,СА-3,Б,2013,одноэтажный
830,27812303,да,да,36,СА-3,Б,2009,двухэтажный
831,71643898,нет,нет,36,БСУ,Б,2004,одноэтажный
832,64406548,да,нет,72,БСУ,Б,2000,одноэтажный
833,19489004,да,нет,64,СА-3,Х,2024,одноэтажный
834,92208524,да,нет,80,СА-3,Б,2010,одноэтажный
835,17356698,да,нет,44,СА-3,Х,2011,одноэтажный
836,15486060,да,да,64,СА-3,Б,2024,двухэтажный
837,54953500,да,да,54,СА-3,Б,2024,двухэтажный
838,57340158,нет,да,54,БСУ,Х,2011,одноэтажный
839,75260270,да,нет,54,БСУ,Б,2011,одноэтажный
840,18808386,да,нет,36,СА-3,Б,2005,одноэтажный
841,20327693,да,да,72,СА-3,Б,2006,одноэтажный
842,94191586,да,да,72,СА-3,Б,2013,одноэтажный
843,96528081,да,да,36,СА-3,Б,2016,одноэтажный
844,65256328,да,нет,80,БСУ,Б,2021,одноэтажный
845,83614224,да,да,40,БСУ,Х,2008,двухэтажный
846,59915883,нет,нет,36,СА-3,Б,2014,одноэтажный
847,93031143,нет,нет,44,СА-3,Б,2022,одноэтажный
848,99436783,нет,да,36,СА-3,Б,2018,двухэтажный
849,44951262,да,да,72,СА-3,Б,2011,двухэтажный
850,70187134,да,да,44,СА-3,Б,2012,одноэтажный
851,29513094,нет,нет,40,СА-3,Б,2017,одноэтажный
852,54463735,да,да,44,СА-3,Б,2023,одноэтажный
853,69338400,да,да,54,СА-3,Х,2017,двухэтажный
854,13328008,да,нет,54,БСУ,Х,2001,одноэтажный
855,36192555,да,да,80,БСУ,Х,2002,одноэтажный
856,69788371,нет,нет,64,БСУ,Х,2010,одноэтажный
857,78659862,нет,нет,44,БСУ,Х,2013,одноэтажный
858,60040550,да,да,44,БСУ,Б,2002,двухэтажный
859,69622247,нет,да,54,БСУ,Х,2023,одноэтажный
860,66885794,нет,да,80,СА-3,Х,2009,одноэтажный
861,80504712,нет,да,64,БСУ,Х,2013,одноэтажный
862,46685578,да,да,72,СА-3,Х,2012,одноэтажный
863,75845287,да,нет,80,БСУ,Б,2023,одноэтажный
864,13602405,нет,да,44,БСУ,Х,2021,одноэтажный
865,65989834,да,нет,72,СА-3,Х,2024,одноэтажный
866,18955654,да,да,54,БСУ,Б,2020,одноэтажный
867,26050250,да,нет,36,БСУ,Х,2001,двухэтажный
868,71880273,нет,да,40,СА-3,Х,2013,одноэтажный
869,57779407,да,да,72,СА-3,Б,2024,одноэтажный
870,22684736,да,да,44,БСУ,Б,2021,одноэтажный
871,46434606,нет,нет,36,БСУ,Б,2000,двухэтажный
872,47771252,да,да,44,СА-3,Х,2004,одноэтажный
873,35288872,нет,да,72,СА-3,Б,2002,двухэтажный
874,27613681,нет,да,44,БСУ,Х,2014,одноэтажный
875,90215042,да,нет,40,БСУ,Х,2003,двухэтажный
876,29107146,нет,да,40,СА-3,Б,2013,одноэтажный
877,24995099,да,нет,80,БСУ,Х,2003,двухэтажный
878,98555359,да,да,36,БСУ,Х,2009,одноэтажный
879,22952493,нет,нет,40,СА-3,Х,2011,двухэтажный
880,29536326,нет,нет,64,БСУ,Б,2016,одноэтажный
881,92269619,да,да,36,СА-3,Б,2022,двухэтажный
882,47830178,да,нет,36,СА-3,Б,2016,одноэтажный
883,73715236,да,да,54,СА-3,Х,2011,одноэтажный
884,66920644,да,да,36,БСУ,Х,2003,одноэтажный
885,76547299,нет,нет,64,СА-3,Х,2015,двухэтажный
886,48065683,да,нет,72,БСУ,Х,2013,одноэтажный
887,67440042,да,да,80,БСУ,Б,2011,двухэтажный
888,75987927,нет,да,64,СА-3,Х,2012,одноэтажный
889,89263249,нет,нет,40,СА-3,Б,2006,одноэтажный
890,89854290,нет,да,40,БСУ,Б,2008,одноэтажный
891,88103795,да,нет,80,БСУ,Б,2021,одноэтажный
892,64283500,нет,да,40,БСУ,Х,2008,одноэтажный
893,40980376,да,да,36,СА-3,Б,2015,одноэтажный
894,34037816,да,нет,40,БСУ,Б,2003,одноэтажный
895,98728736,нет,нет,80,БСУ,Х,2021,одноэтажный
896,77752405,да,да,80,СА-3,Б,2001,одноэтажный
897,25989909,да,да,54,БСУ,Б,2001,двухэтажный
898,98504649,нет,да,72,СА-3,Б,2004,одноэтажный
899,62221499,да,да,72,БСУ,Б,2021,одноэтажный
900,73057955,да,нет,64,СА-3,Б,2015,одноэтажный
901,60707149,да,да,44,БСУ,Х,2018,двухэтажный
902,59178730,да,нет,36,БСУ,Б,2013,одноэтажный
903,57964863,да,да,40,СА-3,Х,2009,одноэтажный
904,18791292,нет,да,40,СА-3,Б,2001,одноэтажный
905,66703371,да,нет,44,СА-3,Б,2018,двухэтажный
906,52481834,да,да,64,СА-3,Б,2003,одноэтажный
907,37636546,да,да,80,БСУ,Х,2009,одноэтажный
908,68517739,да,нет,80,СА-3,Б,2017,двухэтажный
909,45588515,да,нет,54,СА-3,Б,2002,одноэтажный
910,87603784,да,да,36,БСУ,Б,2011,одноэтажный
911,97447790,нет,да,44,БСУ,Б,2010,двухэтажный
912,63995920,да,да,72,СА-3,Б,2020,одноэтажный
913,35036832,да,да,80,БСУ,Х,2020,одноэтажный
914,92466364,нет,нет,64,СА-3,Б,2011,одноэтажный
915,42262445,да,нет,44,БСУ,Б,2002,одноэтажный
916,65356542,да,да,40,БСУ,Б,2007,одноэтажный
917,25241574,да,да,80,БСУ,Б,2017,одноэтажный
918,66642448,да,да,40,БСУ,Х,2008,одноэтажный
919,47281925,нет,да,80,СА-3,Б,2015,одноэтажный
920,17425900,нет,да,64,БСУ,Б,2013,одноэтажный
921,98238841,нет,да,80,СА-3,Х,2018,одноэтажный
922,26192377,да,нет,80,БСУ,Б,2002,двухэтажный
923,26411718,нет,да,80,БСУ,Б,2023,двухэтажный
924,66756516,да,да,40,БСУ,Б,2008,одноэтажный
925,17506180,да,да,36,БСУ,Б,2015,одноэтажный
926,47276794,нет,нет,44,БСУ,Б,2009,двухэтажный
927,91311077,да,нет,80,СА-3,Б,2025,одноэтажный
928,43954789,да,да,72,БСУ,Б,2021,двухэтажный
929,41726640,нет,да,54,БСУ,Б,2024,двухэтажный
930,38237596,нет,да,54,БСУ,Б,2024,одноэтажный
931,14547522,да,да,80,БСУ,Б,2013,одноэтажный
932,54657219,нет,нет,80,СА-3,Б,2022,одноэтажный
933,18907659,да,нет,80,БСУ,Б,2000,одноэтажный
934,96083599,да,нет,80,СА-3,Х,2006,одноэтажный
935,52107027,да,да,40,СА-3,Б,2021,одноэтажный
936,52869025,да,нет,40,БСУ,Х,2018,одноэтажный
937,47822197,да,да,40,БСУ,Б,2018,двухэтажный
938,13082993,нет,нет,72,СА-3,Б,2014,двухэтажный
939,32650041,да,нет,64,БСУ,Х,2011,двухэтажный
940,86134053,да,нет,54,БСУ,Б,2015,двухэтажный
941,37265709,да,нет,80,БСУ,Х,2015,одноэтажный
942,67889258,нет,нет,80,БСУ,Б,2006,одноэтажный
943,64831176,нет,да,44,СА-3,Б,2007,одноэтажный
944,96870487,да,да,40,БСУ,Б,2012,одноэтажный
945,61471888,нет,нет,44,СА-3,Х,2001,двухэтажный
946,41519884,да,да,64,СА-3,Х,2016,одноэтажный
947,50601849,нет,нет,40,СА-3,Б,2008,двухэтажный
948,76147841,нет,нет,40,СА-3,Б,2016,одноэтажный
949,44951103,да,да,40,БСУ,Б,2008,одноэтажный
950,67725168,да,нет,64,БСУ,Б,2013,одноэтажный
951,52351453,нет,да,40,БСУ,Х,2004,двухэтажный
952,34580812,да,да,72,БСУ,Б,2015,двухэтажный
953,57851319,нет,да,54,БСУ,Х,2023,одноэтажный
954,26596590,да,да,44,СА-3,Б,2023,одноэтажный
955,46613462,да,нет,40,СА-3,Б,2018,двухэтажный
956,20312681,да,да,36,БСУ,Х,2021,одноэтажный
957,26373347,да,да,36,БСУ,Х,2002,одноэтажный
958,98521869,да,нет,44,СА-3,Б,2001,одноэтажный
959,70814320,да,нет,72,СА-3,Х,2001,одноэтажный
960,47977444,да,да,36,БСУ,Х,2008,двухэтажный
961,63541768,да,нет,40,БСУ,Б,2009,одноэтажный
962,97787024,да,да,80,БСУ,Б,2009,одноэтажный
963,91002225,да,нет,80,БСУ,Б,2015,одноэтажный
964,62088494,да,да,54,СА-3,Б,2025,одноэтажный
965,35012256,да,да,36,БСУ,Б,2021,двухэтажный
966,30813102,нет,да,72,СА-3,Х,2013,двухэтажный
967,74103912,да,нет,72,БСУ,Б,2016,одноэтажный
968,86307568,да,да,36,СА-3,Б,2013,двухэтажный
969,98698490,нет,нет,44,БСУ,Б,2024,одноэтажный
970,25292162,нет,да,80,СА-3,Б,2001,двухэтажный
971,49949573,да,нет,80,БСУ,Б,2008,одноэтажный
972,35124449,да,да,64,БСУ,Б,2003,одноэтажный
973,12404540,да,да,40,БСУ,Б,2012,одноэтажный
974,90783964,нет,да,80,БСУ,Б,2022,одноэтажный
975,50621889,да,да,40,СА-3,Б,2022,одноэтажный
976,13599088,да,нет,72,СА-3,Б,2020,одноэтажный
977,82287324,да,да,54,СА-3,Б,2000,двухэтажный
978,30457766,нет,да,54,БСУ,Х,2014,одноэтажный
979,37023185,да,нет,54,СА-3,Б,2003,одноэтажный
980,67953597,нет,нет,72,БСУ,Х,2012,одноэтажный
981,89327948,нет,нет,80,БСУ,Х,2001,одноэтажный
982,66640491,да,да,44,БСУ,Б,2003,одноэтажный
983,96728786,да,нет,36,СА-3,Х,2006,одноэтажный
984,68802221,да,да,72,БСУ,Б,2022,одноэтажный
985,27603804,нет,нет,54,БСУ,Б,2021,одноэтажный
986,58352683,нет,нет,80,СА-3,Б,2009,одноэтажный
987,21568480,нет,да,40,СА-3,Б,2003,одноэтажный
988,76266658,да,да,36,СА-3,Б,2008,одноэтажный
989,31287665,да,нет,64,СА-3,Б,2010,одноэтажный
990,92887892,да,да,54,БСУ,Б,2025,одноэтажный
991,16264794,нет,да,40,СА-3,Б,2014,одноэтажный
992,24888885,нет,нет,64,СА-3,Б,2001,одноэтажный
993,32420574,да,нет,44,СА-3,Б,2022,одноэтажный
994,77900294,да,нет,40,БСУ,Б,2004,двухэтажный
995,37097261,да,да,80,СА-3,Х,2025,одноэтажный
996,48488047,да,да,44,БСУ,Б,2021,двухэтажный
997,81088456,да,да,80,БСУ,Б,2013,одноэтажный
998,79277190,нет,да,36,БСУ,Х,2000,одноэтажный
999,79437366,нет,да,44,БСУ,Б,2005,одноэтажный
1000,62783304,нет,нет,72,СА-3,Б,2001,одноэтажный
1001,98632237,нет,нет,54,БСУ,Б,2022,одноэтажный
1002,50845544,нет,да,44,СА-3,Б,2016,одноэтажный
1003,29711458,нет,да,40,БСУ,Б,2025,одноэтажный
1004,64291836,нет,нет,36,СА-3,Б,2012,одноэтажный
1005,26912191,да,да,40,СА-3,Б,2009,одноэтажный
1006,95320264,да,да,80,БСУ,Х,2024,одноэтажный
1007,66739991,нет,да,36,БСУ,Х,2016,одноэтажный
1008,16406597,нет,нет,54,БСУ,Б,2000,одноэтажный
1009,41688446,нет,нет,64,СА-3,Б,2009,одноэтажный
1010,86875315,нет,нет,64,СА-3,Х,2016,одноэтажный
1011,58488507,да,да,54,БСУ,Х,2001,одноэтажный
1012,27456803,да,да,44,БСУ,Б,2016,одноэтажный
1013,45392370,да,нет,54,БСУ,Б,2013,одноэтажный
1014,29373816,да,да,54,СА-3,Б,2016,одноэтажный
1015,25845497,нет,да,36,СА-3,Б,2011,одноэтажный
1016,25940510,да,да,36,БСУ,Б,2001,одноэтажный
1017,25803092,да,нет,44,БСУ,Б,2025,двухэтажный
1018,89138026,да,нет,44,БСУ,Х,2023,одноэтажный
1019,26418573,да,да,36,БСУ,Б,2009,одноэтажный
1020,55341868,нет,да,72,СА-3,Б,2016,одноэтажный
1021,70388500,нет,да,72,БСУ,Х,2019,одноэтажный
1022,64979383,да,нет,44,СА-3,Б,2014,одноэтажный
1023,96693449,да,да,36,БСУ,Б,2003,одноэтажный
1024,21428912,да,нет,64,СА-3,Б,2016,двухэтажный
1025,73865585,да,да,72,СА-3,Б,2008,одноэтажный
1026,42921822,нет,нет,64,БСУ,Х,2017,одноэтажный
1027,63928396,да,да,36,БСУ,Б,2013,двухэтажный
1028,80853774,да,да,36,СА-3,Б,2009,двухэтажный
1029,44299947,нет,да,54,СА-3,Х,2010,двухэтажный
1030,17851976,да,да,40,БСУ,Б,2008,одноэтажный
1031,26235817,да,да,64,СА-3,Б,2024,одноэтажный
1032,25445960,да,да,64,БСУ,Х,2000,одноэтажный
1033,41372112,нет,да,64,СА-3,Х,2017,одноэтажный
1034,26853900,да,да,36,СА-3,Б,2004,одноэтажный
1035,32573855,нет,да,54,БСУ,Х,2014,одноэтажный
1036,93312959,да,нет,36,СА-3,Б,2015,одноэтажный
1037,43673745,нет,да,44,СА-3,Б,2016,одноэтажный
1038,31664929,нет,да,44,СА-3,Б,2003,одноэтажный
1039,84689357,нет,нет,40,БСУ,Б,2010,одноэтажный
1040,70762792,да,нет,44,БСУ,Х,2019,одноэтажный
1041,27948365,да,да,54,СА-3,Б,2021,двухэтажный
1042,84596958,нет,нет,80,БСУ,Б,2025,одноэтажный
1043,97411506,да,да,80,БСУ,Б,2011,одноэтажный
1044,60516391,нет,да,40,СА-3,Х,2011,одноэтажный
1045,69670203,да,нет,80,БСУ,Б,2022,одноэтажный
1046,22075101,нет,нет,80,СА-3,Х,2015,одноэтажный
1047,14938681,да,нет,72,СА-3,Х,2020,одноэтажный
1048,47224958,да,да,64,СА-3,Б,2018,одноэтажный
1049,90929605,да,да,40,СА-3,Х,2018,одноэтажный
1050,80206603,нет,да,80,СА-3,Б,2022,одноэтажный
1051,92470962,да,да,54,СА-3,Б,2020,одноэтажный
1052,97245556,да,нет,54,БСУ,Х,2021,одноэтажный
1053,76514912,да,нет,72,СА-3,Х,2013,одноэтажный
1054,52445278,да,да,36,СА-3,Б,2007,одноэтажный
1055,66884191,нет,нет,40,СА-3,Б,2002,одноэтажный
1056,22982357,да,да,36,БСУ,Б,2007,двухэтажный
1057,41992031,нет,нет,80,БСУ,Б,2007,одноэтажный
1058,90525899,да,нет,72,БСУ,Б,2002,одноэтажный
1059,14475312,да,нет,72,СА-3,Б,2001,одноэтажный
1060,69313284,да,нет,54,СА-3,Х,2001,одноэтажный
1061,49583058,нет,да,64,БСУ,Х,2019,одноэтажный
1062,93752957,да,да,80,БСУ,Б,2019,двухэтажный
1063,97365194,нет,нет,54,БСУ,Б,2003,двухэтажный
1064,89883050,нет,да,80,СА-3,Б,2004,одноэтажный
1065,44398138,да,да,64,БСУ,Х,2004,одноэтажный
1066,18118989,да,да,64,БСУ,Б,2017,одноэтажный
1067,29784909,да,нет,44,БСУ,Б,2016,одноэтажный
1068,29407935,да,да,80,СА-3,Б,2006,одноэтажный
1069,95973808,нет,нет,44,СА-3,Б,2022,одноэтажный
1070,72733686,да,да,64,БСУ,Б,2013,одноэтажный
1071,24072446,да,нет,36,БСУ,Х,2000,одноэтажный
1072,40906854,да,да,54,БСУ,Б,2012,двухэтажный
1073,34728879,нет,да,36,СА-3,Б,2017,двухэтажный
1074,49000479,да,нет,80,БСУ,Х,2000,двухэтажный
1075,48131375,да,нет,72,СА-3,Б,2017,двухэтажный
1076,36305005,да,нет,36,СА-3,Б,2004,одноэтажный
1077,24894008,да,да,54,СА-3,Б,2011,одноэтажный
1078,80722909,нет,нет,54,СА-3,Х,2004,одноэтажный
1079,35727027,да,нет,44,БСУ,Б,2007,одноэтажный
1080,92681879,да,нет,44,СА-3,Б,2001,одноэтажный
1081,47590802,нет,нет,64,БСУ,Х,2002,одноэтажный
1082,99053757,да,да,54,БСУ,Б,2014,двухэтажный
1083,60181152,да,да,54,БСУ,Х,2012,одноэтажный
1084,88380820,да,да,40,БСУ,Б,2012,двухэтажный
1085,67045601,нет,да,80,БСУ,Х,2002,двухэтажный
1086,21278067,да,да,40,СА-3,Б,2019,одноэтажный
1087,70552489,да,да,80,БСУ,Б,2012,двухэтажный
1088,69282426,да,нет,44,СА-3,Х,2016,одноэтажный
1089,96389831,да,да,40,СА-3,Х,2011,двухэтажный
1090,36884696,да,нет,44,БСУ,Б,2024,одноэтажный
1091,46838009,да,нет,40,БСУ,Х,2009,одноэтажный
1092,56524207,нет,да,54,СА-3,Б,2016,одноэтажный
1093,30036175,нет,да,72,СА-3,Б,2016,одноэтажный
1094,84170763,нет,нет,54,БСУ,Б,2010,одноэтажный
1095,67551618,нет,нет,40,БСУ,Б,2017,двухэтажный
1096,28649583,да,да,72,СА-3,Б,2021,одноэтажный
1097,55610169,да,да,80,БСУ,Б,2022,одноэтажный
1098,53765651,да,да,36,СА-3,Х,2010,одноэтажный
1099,90933663,нет,да,54,БСУ,Х,2012,двухэтажный
1100,61866272,да,да,64,БСУ,Б,2009,двухэтажный
1101,24000677,нет,да,80,БСУ,Х,2006,двухэтажный
1102,61793831,да,да,72,СА-3,Б,2011,одноэтажный
1103,33062057,да,нет,54,СА-3,Б,2004,одноэтажный
1104,74189781,нет,да,80,СА-3,Х,2006,одноэтажный
1105,99226958,да,нет,44,СА-3,Б,2021,одноэтажный
1106,37072082,да,да,36,БСУ,Б,2007,одноэтажный
1107,86400632,нет,да,64,СА-3,Б,2009,одноэтажный
1108,71244438,да,нет,80,БСУ,Б,2025,одноэтажный
1109,65707438,да,нет,72,БСУ,Б,2021,двухэтажный
1110,86318249,да,нет,36,СА-3,Б,2005,одноэтажный
1111,94299900,да,нет,36,СА-3,Б,2013,одноэтажный
1112,84198767,да,да,80,СА-3,Б,2024,одноэтажный
1113,70523603,да,да,36,БСУ,Х,2020,одноэтажный
1114,71995701,да,нет,80,СА-3,Б,2000,одноэтажный
1115,28318112,да,нет,54,БСУ,Х,2017,одноэтажный
1116,68750274,да,нет,80,СА-3,Х,2000,одноэтажный
1117,33788294,да,да,54,СА-3,Х,2024,двухэтажный
1118,46675298,да,да,40,СА-3,Б,2017,двухэтажный
1119,16409704,нет,нет,72,СА-3,Б,2009,одноэтажный
1120,90289763,да,нет,80,СА-3,Б,2011,одноэтажный
1121,36841625,да,да,36,БСУ,Б,2021,одноэтажный
1122,39604115,нет,да,80,СА-3,Б,2001,одноэтажный
1123,24453078,нет,да,72,СА-3,Б,2017,одноэтажный
1124,67429121,да,да,44,БСУ,Х,2012,одноэтажный
1125,11608113,да,да,36,БСУ,Б,2011,двухэтажный
1126,39334741,да,нет,54,СА-3,Б,2025,одноэтажный
1127,86397410,да,нет,64,БСУ,Б,2022,одноэтажный
1128,27841755,да,нет,72,БСУ,Б,2021,одноэтажный
1129,54977061,да,нет,54,БСУ,Б,2023,двухэтажный
1130,88848693,нет,да,36,СА-3,Б,2023,одноэтажный
1131,42688154,да,да,44,БСУ,Х,2004,одноэтажный
1132,96173002,да,нет,64,БСУ,Б,2010,двухэтажный
1133,52619317,да,нет,64,БСУ,Б,2009,одноэтажный
1134,40737204,нет,да,40,СА-3,Б,2021,одноэтажный
1135,39855935,да,да,44,СА-3,Б,2000,двухэтажный
1136,75987111,да,да,72,СА-3,Б,2004,двухэтажный
1137,89541539,да,нет,40,СА-3,Б,2013,одноэтажный
1138,51803852,да,да,54,СА-3,Б,2009,одноэтажный
1139,70165940,нет,да,80,БСУ,Х,2011,одноэтажный
1140,32517176,да,да,64,БСУ,Б,2025,одноэтажный
1141,61193233,да,да,44,СА-3,Б,2005,одноэтажный
1142,72230215,да,да,64,БСУ,Х,2004,одноэтажный
1143,36268523,да,да,36,БСУ,Б,2013,одноэтажный
1144,60082660,да,да,64,СА-3,Б,2001,одноэтажный
1145,26707088,да,да,40,БСУ,Б,2024,одноэтажный
1146,56785439,да,да,72,БСУ,Б,2020,одноэтажный
1147,66913730,нет,да,36,БСУ,Б,2021,двухэтажный
1148,99345471,да,да,54,СА-3,Х,2019,одноэтажный
1149,98933292,нет,да,80,СА-3,Б,2012,одноэтажный
1150,88673120,нет,да,40,БСУ,Х,2013,одноэтажный
1151,50563223,да,да,54,БСУ,Б,2024,одноэтажный
1152,21928391,да,да,80,БСУ,Б,2008,одноэтажный
1153,63414658,нет,да,40,БСУ,Х,2002,одноэтажный
1154,66081482,да,нет,72,БСУ,Х,2011,двухэтажный
1155,28029744,да,да,36,БСУ,Б,2006,двухэтажный
1156,17916438,нет,нет,40,БСУ,Б,2013,одноэтажный
1157,93808429,да,нет,36,БСУ,Х,2003,одноэтажный
1158,55922853,да,да,54,СА-3,Х,2008,одноэтажный
1159,10969945,нет,нет,36,СА-3,Х,2025,двухэтажный
1160,90931259,да,нет,44,БСУ,Б,2010,одноэтажный
1161,55171003,да,нет,44,СА-3,Б,2021,одноэтажный
1162,91981404,да,да,44,СА-3,Х,2022,одноэтажный
1163,28637880,да,да,64,БСУ,Б,2024,одноэтажный
1164,59449823,да,нет,80,БСУ,Б,2021,двухэтажный
1165,95640742,нет,нет,36,БСУ,Б,2025,одноэтажный
1166,69633763,да,да,72,СА-3,Б,2015,одноэтажный
1167,23482938,нет,да,40,СА-3,Б,2018,одноэтажный
1168,77731180,да,да,36,БСУ,Б,2017,одноэтажный
1169,72653244,да,да,36,БСУ,Б,2007,двухэтажный
1170,32875131,нет,нет,36,СА-3,Б,2022,двухэтажный
1171,53822194,нет,нет,40,БСУ,Б,2021,двухэтажный
1172,28220919,нет,нет,54,СА-3,Б,2010,одноэтажный
1173,87305664,нет,нет,72,БСУ,Б,2022,одноэтажный
1174,61224263,нет,нет,80,БСУ,Б,2007,одноэтажный
1175,49054205,да,да,72,СА-3,Б,2003,одноэтажный
1176,27101682,нет,нет,64,СА-3,Б,2018,одноэтажный
1177,62096010,нет,да,44,СА-3,Б,2019,одноэтажный
1178,24305720,да,да,54,БСУ,Х,2009,одноэтажный
1179,77086404,нет,да,44,СА-3,Б,2025,одноэтажный
1180,14609555,да,да,72,СА-3,Х,2022,одноэтажный
1181,94701730,нет,да,72,БСУ,Х,2025,одноэтажный
1182,38268009,нет,нет,40,СА-3,Б,2024,двухэтажный
1183,75431766,нет,да,80,СА-3,Б,2017,одноэтажный
1184,66698597,нет,нет,80,БСУ,Б,2016,одноэтажный
1185,47898265,нет,да,80,БСУ,Х,2010,одноэтажный
1186,87897778,нет,да,72,БСУ,Б,2005,одноэтажный
1187,69308631,нет,да,40,СА-3,Х,2023,двухэтажный
1188,97407684,да,нет,64,СА-3,Б,2004,одноэтажный
1189,67325876,нет,да,36,СА-3,Б,2015,двухэтажный
1190,17042688,да,да,44,БСУ,Б,2020,одноэтажный
1191,42883478,да,да,54,БСУ,Б,2005,одноэтажный
1192,60381528,нет,нет,72,СА-3,Б,2020,одноэтажный
1193,94870367,нет,да,36,СА-3,Х,2015,одноэтажный
1194,78417285,да,да,64,БСУ,Х,2023,двухэтажный
1195,89574873,да,да,72,БСУ,Х,2004,двухэтажный
1196,18522597,нет,нет,64,СА-3,Б,2022,двухэтажный
1197,84633131,нет,нет,64,БСУ,Х,2018,одноэтажный
1198,97469782,да,нет,72,СА-3,Х,2019,одноэтажный
1199,10714575,да,нет,36,СА-3,Х,2006,одноэтажный
1200,21787125,да,нет,36,СА-3,Б,2016,одноэтажный
1201,83071775,да,нет,72,СА-3,Х,2001,одноэтажный
1202,79718468,нет,да,64,БСУ,Х,2015,одноэтажный
1203,80151077,нет,нет,64,СА-3,Б,2021,одноэтажный
1204,41823071,да,да,80,СА-3,Б,2019,одноэтажный
1205,89427788,да,да,64,БСУ,Х,2008,одноэтажный
1206,97210510,нет,да,36,БСУ,Б,2022,двухэтажный
1207,37348593,да,нет,72,СА-3,Б,2018,одноэтажный
1208,78642629,да,да,40,БСУ,Б,2013,одноэтажный
1209,91014793,да,да,64,СА-3,Б,2013,двухэтажный
1210,95923168,да,нет,80,БСУ,Х,2025,двухэтажный
1211,11323834,да,нет,40,БСУ,Б,2025,одноэтажный
1212,33586265,да,нет,64,БСУ,Х,2011,одноэтажный
1213,47848959,да,нет,36,СА-3,Б,2024,одноэтажный
1214,56328320,нет,нет,80,БСУ,Б,2004,одноэтажный
1215,78929583,нет,нет,40,БСУ,Б,2008,двухэтажный
1216,95791097,нет,нет,40,БСУ,Б,2005,одноэтажный
1217,57513265,нет,да,44,БСУ,Б,2022,одноэтажный
1218,40704198,да,нет,44,БСУ,Б,2002,одноэтажный
1219,20293588,нет,нет,40,СА-3,Х,2009,одноэтажный
1220,76149278,нет,да,54,СА-3,Б,2016,одноэтажный
1221,81458772,нет,да,64,СА-3,Б,2023,двухэтажный
1222,67039703,нет,нет,40,СА-3,Б,2005,одноэтажный
1223,80265183,нет,да,44,СА-3,Б,2001,одноэтажный
1224,60881238,да,нет,44,СА-3,Б,2024,одноэтажный
1225,48931830,да,да,40,СА-3,Б,2018,одноэтажный
1226,50912220,нет,нет,64,СА-3,Б,2019,одноэтажный
1227,17717080,да,нет,44,БСУ,Б,2000,одноэтажный
1228,34985664,да,да,54,БСУ,Х,2016,одноэтажный
1229,30630696,да,нет,36,СА-3,Б,2008,двухэтажный
1230,63064163,да,да,40,БСУ,Х,2014,одноэтажный
1231,68969458,да,да,54,СА-3,Б,2022,двухэтажный
1232,35443261,да,да,54,БСУ,Б,2005,одноэтажный
1233,74329883,нет,нет,36,БСУ,Б,2015,одноэтажный
1234,27103900,да,нет,54,БСУ,Х,2003,одноэтажный
1235,26928020,да,да,80,СА-3,Х,2010,одноэтажный
1236,90139636,нет,да,44,БСУ,Б,2024,одноэтажный
1237,92894635,да,да,40,БСУ,Б,2008,одноэтажный
1238,43199341,нет,да,54,СА-3,Б,2016,одноэтажный
1239,35322723,нет,да,72,СА-3,Х,2004,одноэтажный
1240,46757086,нет,нет,54,СА-3,Б,2002,одноэтажный
1241,61050068,да,да,72,СА-3,Х,2013,одноэтажный
1242,78432746,да,да,36,БСУ,Б,2011,одноэтажный
1243,43147569,да,да,36,СА-3,Х,2023,одноэтажный
1244,48294595,да,нет,36,БСУ,Х,2015,одноэтажный
1245,50850064,да,нет,72,СА-3,Б,2023,одноэтажный
1246,89042306,да,да,72,БСУ,Х,2012,двухэтажный
1247,24276138,да,нет,36,СА-3,Б,2020,одноэтажный
1248,35894291,нет,нет,36,БСУ,Б,2015,одноэтажный
1249,37111862,да,да,40,СА-3,Б,2022,одноэтажный
1250,85208373,нет,нет,54,СА-3,Б,2002,одноэтажный
1251,80298247,нет,да,36,СА-3,Б,2022,одноэтажный
1252,48877018,да,да,80,СА-3,Б,2012,одноэтажный
1253,81466893,нет,нет,40,БСУ,Б,2012,одноэтажный
1254,62378052,да,да,40,СА-3,Х,2006,одноэтажный
1255,11189346,нет,нет,54,БСУ,Б,2007,одноэтажный
1256,46039426,да,да,36,СА-3,Х,2020,двухэтажный
1257,47279846,нет,да,80,СА-3,Б,2007,одноэтажный
1258,38182016,да,да,44,БСУ,Б,2022,одноэтажный
1259,45438604,нет,да,64,БСУ,Б,2001,одноэтажный
1260,11396963,нет,да,44,СА-3,Х,2000,одноэтажный
1261,88283995,да,нет,54,БСУ,Б,2020,одноэтажный
1262,37670193,нет,да,44,СА-3,Б,2025,одноэтажный
1263,63078200,да,да,72,БСУ,Б,2015,двухэтажный
1264,34362335,да,нет,40,СА-3,Б,2023,двухэтажный
1265,47855338,да,да,40,БСУ,Б,2006,двухэтажный
1266,19670211,да,да,72,БСУ,Х,2016,двухэтажный
1267,11582229,да,да,36,СА-3,Б,2024,одноэтажный
1268,15870689,да,нет,44,СА-3,Б,2019,двухэтажный
1269,11261132,нет,да,72,БСУ,Б,2002,двухэтажный
1270,74481609,нет,нет,80,СА-3,Б,2015,двухэтажный
1271,17499483,да,да,64,СА-3,Х,2001,двухэтажный
1272,49827566,да,нет,54,СА-3,Х,2007,двухэтажный
1273,67329147,да,да,44,СА-3,Б,2021,одноэтажный
1274,25087236,да,нет,40,СА-3,Б,2009,одноэтажный
1275,92637421,да,да,36,СА-3,Б,2005,одноэтажный
1276,54942009,да,нет,40,БСУ,Б,2009,одноэтажный
1277,23948250,да,да,44,БСУ,Б,2022,одноэтажный
1278,10292428,нет,нет,80,СА-3,Б,2012,одноэтажный
1279,74214057,нет,да,54,БСУ,Х,2010,одноэтажный
1280,34410491,нет,да,54,БСУ,Б,2013,одноэтажный
1281,95443567,да,нет,72,СА-3,Б,2017,одноэтажный
1282,81641483,да,да,40,БСУ,Х,2022,одноэтажный
1283,87561262,нет,нет,40,СА-3,Х,2000,двухэтажный
1284,12302458,да,да,40,СА-3,Х,2011,одноэтажный
1285,28703143,да,да,80,БСУ,Х,2007,двухэтажный
1286,28495379,да,нет,40,БСУ,Б,2022,одноэтажный
1287,59886613,да,да,64,СА-3,Б,2019,одноэтажный
1288,14051460,да,да,40,СА-3,Х,2013,двухэтажный
1289,34484603,да,да,64,БСУ,Б,2023,одноэтажный
1290,96549919,нет,да,40,СА-3,Б,2001,одноэтажный
1291,33297540,да,да,80,БСУ,Б,2014,одноэтажный
1292,44635469,нет,да,72,СА-3,Б,2005,одноэтажный
1293,22339511,да,нет,40,СА-3,Б,2001,двухэтажный
1294,34654960,нет,нет,64,СА-3,Б,2014,одноэтажный
1295,97603904,да,нет,40,СА-3,Б,2020,одноэтажный
1296,46227990,да,да,64,БСУ,Х,2009,двухэтажный
1297,24289429,да,да,80,БСУ,Х,2006,одноэтажный
1298,14344197,да,да,64,СА-3,Б,2025,одноэтажный
1299,16449014,да,нет,36,БСУ,Б,2012,одноэтажный
1300,52207776,нет,нет,40,СА-3,Б,2023,одноэтажный
1301,77401071,нет,да,64,БСУ,Б,2001,одноэтажный
1302,30339060,нет,да,72,СА-3,Б,2007,одноэтажный
1303,97807942,да,нет,64,БСУ,Б,2004,одноэтажный
1304,58360842,да,нет,36,БСУ,Х,2019,одноэтажный
1305,30454970,да,нет,36,СА-3,Х,2009,одноэтажный
1306,21699448,да,да,40,БСУ,Х,2008,одноэтажный
1307,57428314,да,да,80,БСУ,Х,2015,одноэтажный
1308,69330327,нет,да,36,БСУ,Х,2009,одноэтажный
1309,93172511,нет,да,44,БСУ,Б,2021,одноэтажный
1310,70410362,да,нет,72,СА-3,Б,2020,двухэтажный
1311,42858752,нет,да,40,СА-3,Х,2005,одноэтажный
1312,19795032,да,нет,72,СА-3,Б,2014,одноэтажный
1313,72391513,да,да,36,БСУ,Б,2006,одноэтажный
1314,18653222,да,нет,54,СА-3,Б,2015,двухэтажный
1315,71012513,да,да,54,СА-3,Б,2010,одноэтажный
1316,90675244,нет,да,80,БСУ,Б,2015,двухэтажный
1317,38386094,нет,нет,72,БСУ,Х,2020,двухэтажный
1318,29023738,да,да,44,БСУ,Б,2016,двухэтажный
1319,44822417,да,да,54,БСУ,Б,2009,двухэтажный
1320,56879065,нет,да,64,СА-3,Б,2013,одноэтажный
1321,86546634,да,да,80,СА-3,Х,2021,одноэтажный
1322,29410197,да,нет,72,БСУ,Х,2014,одноэтажный
1323,77034462,нет,да,72,БСУ,Х,2023,двухэтажный
1324,70473000,нет,нет,72,БСУ,Б,2018,двухэтажный
1325,39343051,нет,да,72,СА-3,Б,2006,одноэтажный
1326,35656926,нет,да,36,БСУ,Б,2000,одноэтажный
1327,51200201,да,нет,72,БСУ,Б,2014,одноэтажный
1328,57208264,да,да,64,БСУ,Х,2005,одноэтажный
1329,60079518,да,да,64,БСУ,Б,2021,одноэтажный
1330,68719406,да,нет,80,СА-3,Б,2025,одноэтажный
1331,22031000,да,нет,54,СА-3,Б,2024,одноэтажный
1332,83112925,да,да,64,СА-3,Б,2013,двухэтажный
1333,71019389,да,да,80,БСУ,Б,2011,одноэтажный
1334,72269929,да,нет,72,БСУ,Х,2011,одноэтажный
1335,78123659,да,нет,44,БСУ,Б,2025,одноэтажный
1336,42420888,да,нет,36,СА-3,Х,2025,одноэтажный
1337,79654067,нет,да,44,СА-3,Б,2013,двухэтажный
1338,62527771,да,нет,80,СА-3,Б,2018,одноэтажный
1339,95399182,да,нет,54,БСУ,Б,2013,двухэтажный
1340,26955763,да,нет,80,БСУ,Б,2020,одноэтажный
1341,84209721,да,да,36,СА-3,Х,2000,одноэтажный
1342,89629793,да,нет,64,СА-3,Б,2000,одноэтажный
1343,27521857,нет,нет,80,БСУ,Х,2020,одноэтажный
1344,49852264,да,нет,72,БСУ,Б,2021,двухэтажный
1345,21135154,нет,нет,72,СА-3,Х,2019,двухэтажный
1346,29036823,да,нет,36,СА-3,Б,2011,одноэтажный
1347,37913590,да,да,36,БСУ,Х,2020,двухэтажный
1348,66358979,да,да,54,СА-3,Х,2000,одноэтажный
1349,98538924,да,нет,36,СА-3,Б,2011,одноэтажный
1350,92410355,да,да,64,БСУ,Б,2006,одноэтажный
1351,81934552,да,да,40,СА-3,Б,2003,одноэтажный
1352,13959103,да,да,72,СА-3,Х,2015,двухэтажный
1353,22343983,да,да,44,БСУ,Б,2015,одноэтажный
1354,63679326,нет,да,40,БСУ,Б,2003,одноэтажный
1355,88863503,да,нет,72,БСУ,Б,2014,одноэтажный
1356,46463456,нет,нет,64,БСУ,Б,2018,одноэтажный
1357,94919350,нет,да,36,БСУ,Б,2009,одноэтажный
1358,96583583,нет,да,54,СА-3,Х,2025,одноэтажный
1359,34953074,да,да,72,БСУ,Б,2024,одноэтажный
1360,11292919,да,да,44,СА-3,Б,2025,одноэтажный
1361,41225585,да,да,64,СА-3,Б,2003,одноэтажный
1362,91591543,нет,нет,72,СА-3,Б,2020,одноэтажный
1363,68412302,да,да,40,СА-3,Б,2015,двухэтажный
1364,46831418,да,да,40,БСУ,Б,2007,одноэтажный
1365,48257007,да,нет,64,СА-3,Б,2009,двухэтажный
1366,64064349,да,да,64,СА-3,Б,2000,двухэтажный
1367,22766765,нет,да,44,БСУ,Б,2011,одноэтажный
1368,84685481,нет,да,36,БСУ,Х,2014,одноэтажный
1369,96046600,нет,да,44,СА-3,Х,2001,одноэтажный
1370,28620619,да,да,72,БСУ,Х,2002,двухэтажный
1371,59510172,нет,да,36,СА-3,Х,2025,двухэтажный
1372,16442905,нет,да,44,БСУ,Х,2005,одноэтажный
1373,88309763,да,да,80,СА-3,Б,2013,одноэтажный
1374,99689017,да,да,64,БСУ,Б,2008,одноэтажный
1375,74787744,да,да,44,СА-3,Б,2007,одноэтажный
1376,37634253,нет,да,54,СА-3,Х,2021,двухэтажный
1377,61681908,да,да,40,БСУ,Б,2009,одноэтажный
1378,97951446,да,да,40,СА-3,Б,2012,одноэтажный
1379,93279154,да,нет,40,СА-3,Х,2005,одноэтажный
1380,87476147,да,да,36,СА-3,Х,2014,двухэтажный
1381,13836781,да,да,44,БСУ,Х,2017,двухэтажный
1382,67911411,да,да,54,БСУ,Х,2008,одноэтажный
1383,16594707,да,нет,54,СА-3,Х,2012,двухэтажный
1384,47034120,да,да,54,СА-3,Б,2020,двухэтажный
1385,24909280,да,да,36,БСУ,Х,2017,двухэтажный
1386,40395619,нет,нет,54,БСУ,Б,2007,одноэтажный
1387,46006180,да,да,40,БСУ,Б,2022,одноэтажный
1388,10416997,да,да,72,БСУ,Б,2022,двухэтажный
1389,52293683,нет,да,44,БСУ,Х,2000,одноэтажный
1390,67434792,да,да,44,СА-3,Х,2024,одноэтажный
1391,89726022,да,да,36,БСУ,Б,2015,двухэтажный
1392,12334156,да,нет,80,СА-3,Б,2005,одноэтажный
1393,22604400,да,нет,44,БСУ,Б,2011,одноэтажный
1394,44539524,нет,да,54,СА-3,Б,2009,одноэтажный
1395,79502107,нет,нет,80,БСУ,Х,2021,одноэтажный
1396,95872544,да,нет,80,СА-3,Б,2004,одноэтажный
1397,14147955,да,нет,54,БСУ,Х,2002,двухэтажный
1398,60704539,да,нет,72,БСУ,Б,2016,двухэтажный
1399,56821190,нет,да,54,БСУ,Б,2001,одноэтажный
1400,56073515,нет,да,80,БСУ,Б,2025,одноэтажный
1401,48709538,да,да,72,СА-3,Б,2004,одноэтажный
1402,48893851,да,нет,44,БСУ,Х,2025,одноэтажный
1403,70915814,да,да,64,СА-3,Х,2009,двухэтажный
1404,57278935,нет,да,44,СА-3,Б,2009,одноэтажный
1405,77376391,нет,нет,40,СА-3,Б,2004,одноэтажный
1406,36404306,да,нет,44,СА-3,Х,2011,двухэтажный
1407,95502685,да,да,36,БСУ,Б,2019,одноэтажный
1408,85686398,да,нет,80,СА-3,Б,2006,одноэтажный
1409,65876491,да,да,36,БСУ,Б,2020,одноэтажный
1410,34611796,да,нет,54,СА-3,Х,2014,одноэтажный
1411,77620927,нет,нет,54,БСУ,Б,2013,одноэтажный
1412,71912488,да,да,80,БСУ,Х,2004,одноэтажный
1413,50586096,нет,да,44,СА-3,Б,2018,одноэтажный
1414,17185483,нет,да,54,СА-3,Б,2024,одноэтажный
1415,71769783,нет,да,44,СА-3,Б,2003,одноэтажный
1416,85892528,да,да,36,СА-3,Б,2021,одноэтажный
1417,17116259,нет,да,64,БСУ,Х,2021,одноэтажный
1418,30773615,да,да,36,БСУ,Б,2006,двухэтажный
1419,10004793,да,нет,64,СА-3,Х,2003,одноэтажный
1420,77887931,да,да,36,БСУ,Б,2005,одноэтажный
1421,83379415,да,нет,54,СА-3,Б,2020,двухэтажный
1422,29016797,нет,нет,40,СА-3,Б,2009,одноэтажный
1423,23424414,нет,да,72,БСУ,Б,2022,одноэтажный
1424,72272153,да,да,36,БСУ,Б,2018,одноэтажный
1425,87918501,да,нет,72,БСУ,Х,2011,одноэтажный
1426,72801428,нет,да,36,СА-3,Б,2016,двухэтажный
1427,80471776,да,да,72,СА-3,Б,2023,одноэтажный
1428,71670595,нет,нет,44,БСУ,Б,2002,одноэтажный
1429,96588420,да,нет,64,СА-3,Б,2016,одноэтажный
1430,80522545,да,нет,64,БСУ,Б,2012,двухэтажный
1431,13962354,нет,да,36,СА-3,Б,2021,одноэтажный
1432,41076043,нет,нет,72,СА-3,Х,2005,одноэтажный
1433,61550809,нет,да,36,СА-3,Б,2003,двухэтажный
1434,19782015,да,да,72,СА-3,Б,2010,двухэтажный
1435,70332161,да,нет,64,СА-3,Х,2015,одноэтажный
1436,48398260,да,нет,54,СА-3,Х,2000,одноэтажный
1437,99745791,да,да,40,СА-3,Б,2013,одноэтажный
1438,19658994,да,нет,72,БСУ,Х,2006,одноэтажный
1439,73583349,да,да,64,СА-3,Б,2014,одноэтажный
1440,60481733,нет,да,40,БСУ,Х,2015,двухэтажный
1441,90730565,да,да,80,БСУ,Б,2008,одноэтажный
1442,58037222,да,нет,44,СА-3,Б,2007,одноэтажный
1443,92040231,да,да,36,СА-3,Б,2008,одноэтажный
1444,14331840,да,да,44,СА-3,Х,2017,одноэтажный
1445,54239393,нет,нет,36,СА-3,Б,2025,одноэтажный
1446,91873043,нет,нет,36,БСУ,Б,2013,одноэтажный
1447,92199318,нет,нет,54,СА-3,Х,2001,двухэтажный
1448,76652083,да,нет,54,БСУ,Б,2007,двухэтажный
1449,17429830,да,нет,40,БСУ,Б,2023,двухэтажный
1450,74716210,да,нет,72,СА-3,Б,2013,одноэтажный
1451,25513314,да,нет,44,БСУ,Х,2013,одноэтажный
1452,41966664,да,да,40,БСУ,Б,2025,одноэтажный
1453,86242194,да,нет,80,СА-3,Б,2002,двухэтажный
1454,68861974,да,да,44,СА-3,Б,2004,одноэтажный
1455,74250209,нет,нет,36,БСУ,Б,2006,одноэтажный
1456,57910133,нет,нет,54,БСУ,Б,2024,одноэтажный
1457,97730595,да,нет,44,СА-3,Х,2013,одноэтажный
1458,93466217,да,да,40,СА-3,Б,2017,двухэтажный
1459,59981337,нет,нет,36,СА-3,Б,2020,одноэтажный
1460,25332850,да,нет,44,БСУ,Б,2009,одноэтажный
1461,21340498,да,нет,54,БСУ,Х,2012,одноэтажный
1462,15961354,да,да,72,БСУ,Б,2021,одноэтажный
1463,82685498,нет,нет,64,БСУ,Б,2008,одноэтажный
1464,89317124,да,да,72,БСУ,Б,2025,одноэтажный
1465,17666327,нет,да,72,БСУ,Б,2017,одноэтажный
1466,86853413,нет,нет,44,СА-3,Б,2014,одноэтажный
1467,41974274,да,да,80,БСУ,Х,2007,одноэтажный
1468,49704948,да,да,64,БСУ,Б,2021,одноэтажный
1469,97648351,нет,нет,36,БСУ,Б,2010,одноэтажный
1470,33996035,да,да,36,БСУ,Х,2011,одноэтажный
1471,84706716,да,да,36,БСУ,Б,2017,одноэтажный
1472,18595771,да,да,80,БСУ,Х,2015,двухэтажный
1473,94602558,да,нет,72,СА-3,Х,2020,двухэтажный
1474,78010697,нет,да,36,СА-3,Х,2022,одноэтажный
1475,44553693,да,нет,80,БСУ,Б,2001,одноэтажный
1476,56939919,да,да,36,СА-3,Х,2010,одноэтажный
1477,65830504,да,да,44,СА-3,Х,2019,одноэтажный
1478,54961030,нет,нет,44,БСУ,Б,2009,одноэтажный
1479,31516822,да,да,40,СА-3,Х,2006,одноэтажный
1480,78557897,нет,нет,80,БСУ,Б,2012,одноэтажный
1481,14375434,нет,да,80,СА-3,Б,2007,одноэтажный
1482,87099930,да,нет,64,СА-3,Б,2016,одноэтажный
1483,91483852,да,да,54,БСУ,Х,2018,одноэтажный
1484,42753017,да,нет,44,СА-3,Б,2023,одноэтажный
1485,42352710,да,нет,54,БСУ,Х,2017,одноэтажный
1486,58626679,нет,нет,54,БСУ,Х,2004,одноэтажный
1487,42875817,нет,да,64,СА-3,Б,2025,одноэтажный
1488,52123474,да,да,64,СА-3,Б,2020,одноэтажный
1489,36589097,нет,нет,36,СА-3,Х,2008,одноэтажный
1490,73063577,нет,да,36,БСУ,Х,2005,одноэтажный
1491,27767441,да,да,54,БСУ,Б,2012,одноэтажный
1492,42404844,нет,да,80,БСУ,Б,2019,двухэтажный
1493,16071701,да,нет,54,БСУ,Б,2023,одноэтажный
1494,48827999,нет,нет,72,СА-3,Б,2018,одноэтажный
1495,78367019,да,нет,64,БСУ,Б,2014,одноэтажный
1496,68866156,да,нет,44,СА-3,Х,2015,одноэтажный
1497,85716426,да,да,64,БСУ,Х,2012,одноэтажный
1498,33946564,нет,да,72,СА-3,Б,2008,одноэтажный
1499,92607991,да,да,40,СА-3,Х,2015,одноэтажный
1500,32725849,да,нет,64,СА-3,Б,2021,одноэтажный
1501,22881682,да,нет,80,СА-3,Х,2001,одноэтажный
1502,82454722,да,да,54,СА-3,Б,2009,одноэтажный
1503,86660490,да,да,40,БСУ,Х,2003,одноэтажный
1504,26098153,да,да,44,СА-3,Б,2008,одноэтажный
1505,25631350,нет,нет,72,СА-3,Б,2010,двухэтажный
1506,55008192,да,нет,64,СА-3,Б,2010,одноэтажный
1507,15148168,да,нет,80,БСУ,Х,2017,одноэтажный
1508,94031142,да,нет,36,СА-3,Х,2012,одноэтажный
1509,39556025,нет,да,40,БСУ,Б,2023,одноэтажный
1510,27688813,да,нет,64,СА-3,Х,2002,одноэтажный
1511,92036182,да,да,54,БСУ,Б,2020,одноэтажный
1512,95592608,да,да,40,БСУ,Б,2009,одноэтажный
1513,75796479,нет,да,44,БСУ,Х,2007,двухэтажный
1514,48556908,да,да,40,БСУ,Х,2014,одноэтажный
1515,98665957,да,нет,72,СА-3,Б,2015,одноэтажный
1516,75655873,да,нет,36,БСУ,Х,2006,одноэтажный
1517,64895832,да,нет,44,БСУ,Б,2025,одноэтажный
1518,63509858,да,да,54,СА-3,Б,2001,одноэтажный
1519,65003974,да,нет,64,СА-3,Б,2003,одноэтажный
1520,92316265,да,да,64,СА-3,Б,2000,одноэтажный
1521,22113513,нет,да,44,СА-3,Б,2016,двухэтажный
1522,81869924,да,да,64,БСУ,Б,2007,одноэтажный
1523,31663301,нет,да,40,СА-3,Б,2001,одноэтажный
1524,80673067,да,да,54,СА-3,Х,2009,двухэтажный
1525,94765944,нет,да,44,СА-3,Б,2012,одноэтажный
1526,27608451,нет,нет,80,СА-3,Х,2016,одноэтажный
1527,65751363,да,нет,64,СА-3,Х,2018,одноэтажный
1528,36076367,нет,нет,80,БСУ,Б,2023,двухэтажный
1529,46782333,да,да,72,БСУ,Б,2013,двухэтажный
1530,64536785,да,да,72,СА-3,Б,2015,одноэтажный
1531,60028002,нет,нет,54,СА-3,Б,2000,одноэтажный
1532,41154021,да,да,36,БСУ,Б,2025,одноэтажный
1533,21225238,да,да,80,БСУ,Б,2002,двухэтажный
1534,92743681,нет,да,80,СА-3,Х,2015,одноэтажный
1535,51802776,нет,нет,36,БСУ,Б,2019,одноэтажный
1536,10747830,да,да,64,БСУ,Б,2010,одноэтажный
1537,41640398,да,нет,64,СА-3,Б,2013,одноэтажный
1538,60423728,да,да,64,СА-3,Х,2014,одноэтажный
1539,25255803,да,да,40,БСУ,Х,2017,одноэтажный
1540,11242658,да,да,44,БСУ,Б,2019,одноэтажный
1541,85673348,нет,да,64,СА-3,Б,2022,одноэтажный
1542,91137003,да,да,44,СА-3,Х,2022,одноэтажный
1543,11318177,да,да,54,СА-3,Б,2000,одноэтажный
1544,35189235,да,да,54,БСУ,Х,2019,одноэтажный
1545,30998769,да,нет,40,БСУ,Б,2006,одноэтажный
1546,67198985,да,да,64,БСУ,Б,2017,одноэтажный
1547,98498817,да,да,36,СА-3,Х,2008,одноэтажный
1548,27005934,нет,да,80,БСУ,Б,2024,одноэтажный
1549,91171554,да,нет,80,БСУ,Х,2000,одноэтажный
1550,39050549,да,нет,40,СА-3,Х,2000,одноэтажный
1551,17004714,да,нет,54,БСУ,Б,2016,одноэтажный
1552,42315990,да,да,54,БСУ,Б,2016,одноэтажный
1553,20495780,нет,нет,40,БСУ,Б,2013,одноэтажный
1554,75779236,нет,да,36,БСУ,Б,2005,двухэтажный
1555,59081701,нет,нет,44,БСУ,Х,2017,одноэтажный
1556,35633440,да,да,72,СА-3,Х,2011,одноэтажный
1557,10753570,да,да,44,БСУ,Б,2000,одноэтажный
1558,14500077,да,нет,54,СА-3,Б,2022,одноэтажный
1559,93922374,да,да,36,БСУ,Б,2020,одноэтажный
1560,33323144,да,нет,80,СА-3,Х,2000,одноэтажный
1561,30561048,нет,да,80,СА-3,Х,2003,двухэтажный
1562,95560869,нет,да,80,БСУ,Б,2006,одноэтажный
1563,12238007,да,нет,44,СА-3,Б,2018,одноэтажный
1564,59158124,да,нет,54,БСУ,Б,2021,двухэтажный
1565,35895959,нет,да,72,БСУ,Х,2014,двухэтажный
1566,91675383,да,да,40,СА-3,Б,2017,одноэтажный
1567,55828977,да,нет,36,БСУ,Х,2002,двухэтажный
1568,21598781,да,да,36,СА-3,Б,2006,одноэтажный
1569,71787010,да,нет,40,БСУ,Б,2020,одноэтажный
1570,35647136,нет,нет,44,СА-3,Б,2009,двухэтажный
1571,28847668,да,да,80,СА-3,Х,2006,двухэтажный
1572,49585149,да,да,36,БСУ,Б,2011,одноэтажный
1573,96144415,да,нет,72,СА-3,Х,2018,одноэтажный
1574,82202263,да,нет,54,БСУ,Б,2021,одноэтажный
1575,37843059,да,нет,64,БСУ,Х,2024,двухэтажный
1576,39293679,да,да,36,СА-3,Б,2014,одноэтажный
1577,59966944,да,нет,36,БСУ,Б,2020,одноэтажный
1578,11060092,да,да,44,СА-3,Х,2011,одноэтажный
1579,72658369,да,нет,54,БСУ,Б,2022,одноэтажный
1580,63597632,да,да,72,БСУ,Б,2015,одноэтажный
1581,50288578,да,нет,40,СА-3,Б,2024,одноэтажный
1582,87509126,да,да,64,СА-3,Б,2019,одноэтажный
1583,80341559,да,нет,80,СА-3,Х,2010,одноэтажный
1584,17220926,нет,да,80,СА-3,Б,2014,одноэтажный
1585,71819038,да,да,40,БСУ,Б,2005,двухэтажный
1586,37289414,да,нет,40,БСУ,Х,2005,одноэтажный
1587,73189799,да,да,40,БСУ,Б,2014,одноэтажный
1588,22861395,да,да,40,БСУ,Б,2009,одноэтажный
1589,66987832,да,да,44,БСУ,Б,2018,двухэтажный
1590,91674485,да,да,44,БСУ,Б,2000,одноэтажный
1591,63442916,нет,нет,40,БСУ,Х,2006,одноэтажный
1592,22462163,да,нет,54,СА-3,Х,2012,одноэтажный
1593,74512027,да,нет,54,СА-3,Х,2021,одноэтажный
1594,24284867,да,да,72,СА-3,Б,2012,одноэтажный
1595,11640743,да,да,64,БСУ,Б,2000,одноэтажный
1596,99952040,да,нет,44,БСУ,Х,2020,двухэтажный
1597,70434208,да,нет,72,БСУ,Б,2011,двухэтажный
1598,34003439,нет,да,54,СА-3,Х,2010,одноэтажный
1599,89208997,да,да,64,БСУ,Б,2014,одноэтажный
1600,26314358,нет,да,36,БСУ,Х,2010,одноэтажный
1601,13158189,да,да,44,БСУ,Х,2010,одноэтажный
1602,14780174,да,да,36,БСУ,Х,2002,одноэтажный
1603,26918765,нет,нет,54,БСУ,Б,2014,одноэтажный
1604,42762641,нет,нет,72,БСУ,Х,2010,одноэтажный
1605,29696511,да,нет,80,СА-3,Б,2023,двухэтажный
1606,95461939,нет,да,36,СА-3,Б,2008,одноэтажный
1607,20641221,нет,да,36,СА-3,Б,2009,одноэтажный
1608,82364511,нет,да,80,СА-3,Б,2015,двухэтажный
1609,68645850,да,нет,40,БСУ,Б,2001,одноэтажный
1610,34328360,нет,да,54,СА-3,Х,2013,одноэтажный
1611,46878825,да,да,72,БСУ,Х,2007,двухэтажный
1612,53568260,да,нет,72,БСУ,Б,2020,одноэтажный
1613,82673252,да,нет,36,БСУ,Б,2011,одноэтажный
1614,30371382,да,нет,40,СА-3,Б,2008,одноэтажный
1615,98677450,нет,нет,72,БСУ,Б,2011,двухэтажный
1616,81080601,да,да,44,БСУ,Б,2000,двухэтажный
1617,88508900,да,да,54,БСУ,Б,2000,одноэтажный
1618,48102759,да,да,40,БСУ,Б,2004,одноэтажный
1619,26575085,да,да,36,БСУ,Х,2005,одноэтажный
1620,63836946,да,да,40,БСУ,Б,2008,одноэтажный
1621,58744480,да,нет,72,БСУ,Б,2017,одноэтажный
1622,64219394,да,да,80,БСУ,Х,2005,одноэтажный
1623,10447935,да,да,54,СА-3,Б,2003,одноэтажный
1624,97658167,да,да,40,СА-3,Б,2004,одноэтажный
1625,77560003,нет,да,72,БСУ,Б,2010,одноэтажный
1626,32341731,да,да,36,БСУ,Х,2019,одноэтажный
1627,97793969,да,да,40,СА-3,Б,2023,одноэтажный
1628,33516421,да,нет,40,БСУ,Х,2002,одноэтажный
1629,37784045,да,да,72,БСУ,Б,2025,двухэтажный
1630,71928895,да,да,64,БСУ,Б,2005,двухэтажный
1631,19374071,да,да,72,БСУ,Б,2015,одноэтажный
1632,19444312,нет,нет,72,СА-3,Б,2019,одноэтажный
1633,81695192,нет,да,80,СА-3,Х,2012,одноэтажный
1634,15356154,да,нет,64,БСУ,Б,2003,двухэтажный
1635,45232032,нет,да,80,СА-3,Б,2011,одноэтажный
1636,55611831,да,да,54,СА-3,Х,2010,одноэтажный
1637,19941447,да,нет,80,СА-3,Б,2010,одноэтажный
1638,69682874,да,да,44,БСУ,Б,2024,двухэтажный
1639,80032031,да,да,44,БСУ,Б,2009,одноэтажный
1640,31246994,да,да,72,БСУ,Б,2004,одноэтажный
1641,27254103,да,да,54,БСУ,Б,2000,одноэтажный
1642,88279855,да,да,44,БСУ,Б,2023,одноэтажный
1643,79366132,да,нет,40,БСУ,Б,2018,одноэтажный
1644,52184126,да,да,54,СА-3,Б,2015,двухэтажный
1645,60985606,да,нет,44,СА-3,Б,2007,двухэтажный
1646,91690443,нет,нет,72,СА-3,Б,2014,одноэтажный
1647,95716350,нет,нет,80,СА-3,Б,2011,одноэтажный
1648,63484586,да,нет,64,СА-3,Х,2017,одноэтажный
1649,82172776,нет,нет,36,БСУ,Б,2007,двухэтажный
1650,34519519,нет,нет,40,СА-3,Б,2014,двухэтажный
1651,91757079,да,да,72,СА-3,Б,2002,одноэтажный
1652,27790417,да,да,40,СА-3,Б,2018,одноэтажный
1653,23189607,да,нет,44,СА-3,Х,2003,одноэтажный
1654,73892444,да,да,40,БСУ,Х,2000,одноэтажный
1655,24968484,нет,да,72,СА-3,Б,2020,одноэтажный
1656,71237433,нет,да,54,БСУ,Б,2005,одноэтажный
1657,74864697,да,нет,44,БСУ,Б,2007,одноэтажный
1658,85331621,да,нет,36,СА-3,Б,2010,одноэтажный
1659,78390365,да,да,36,БСУ,Б,2003,одноэтажный
1660,69485073,да,нет,80,СА-3,Х,2003,одноэтажный
1661,38617427,да,да,80,БСУ,Х,2009,одноэтажный
1662,38224904,да,да,40,СА-3,Б,2025,двухэтажный
1663,31198772,да,да,64,БСУ,Б,2025,одноэтажный
1664,46155999,да,да,80,БСУ,Б,2009,одноэтажный
1665,57504159,нет,да,44,БСУ,Б,2024,одноэтажный
1666,64234848,да,да,72,СА-3,Б,2024,одноэтажный
1667,37140582,да,нет,44,БСУ,Х,2013,одноэтажный
1668,53712718,да,нет,80,СА-3,Б,2014,одноэтажный
1669,24339094,да,да,72,БСУ,Б,2018,одноэтажный
1670,16174008,нет,да,72,БСУ,Х,2019,одноэтажный
1671,17961369,да,нет,44,БСУ,Б,2009,двухэтажный
1672,28023391,нет,да,80,БСУ,Б,2004,одноэтажный
1673,87052803,да,да,40,БСУ,Б,2024,одноэтажный
1674,84715577,да,да,36,СА-3,Б,2002,одноэтажный
1675,52139163,нет,да,80,БСУ,Б,2006,двухэтажный
1676,72857705,да,да,40,БСУ,Х,2023,одноэтажный
1677,28826712,да,да,54,БСУ,Б,2016,двухэтажный
1678,78754597,да,да,36,БСУ,Б,2015,одноэтажный
1679,54795511,да,нет,64,СА-3,Б,2024,двухэтажный
1680,31236454,нет,нет,36,БСУ,Б,2006,одноэтажный
1681,67840690,нет,да,72,СА-3,Б,2002,двухэтажный
1682,87205227,да,да,72,БСУ,Б,2012,одноэтажный
1683,10852813,да,да,36,СА-3,Б,2004,одноэтажный
1684,39915787,да,нет,64,БСУ,Б,2006,одноэтажный
1685,87099818,нет,нет,72,СА-3,Х,2004,двухэтажный
1686,34372157,да,да,80,СА-3,Б,2017,одноэтажный
1687,19296843,да,да,40,СА-3,Х,2005,одноэтажный
1688,46383465,да,нет,80,БСУ,Х,2014,двухэтажный
1689,60346941,да,нет,80,СА-3,Б,2014,одноэтажный
1690,36660705,да,да,80,СА-3,Х,2005,одноэтажный
1691,87618586,нет,да,80,СА-3,Х,2015,одноэтажный
1692,58102338,нет,да,40,СА-3,Б,2025,одноэтажный
1693,74153249,да,да,54,СА-3,Х,2025,одноэтажный
1694,23430634,да,нет,80,СА-3,Б,2020,одноэтажный
1695,21334884,нет,нет,54,СА-3,Б,2008,одноэтажный
1696,53388690,да,нет,40,СА-3,Х,2004,двухэтажный
1697,73057193,нет,да,80,СА-3,Б,2021,одноэтажный
1698,92886833,да,да,40,СА-3,Б,2004,одноэтажный
1699,99747074,да,нет,36,СА-3,Х,2006,одноэтажный
1700,93928021,да,нет,64,БСУ,Х,2000,одноэтажный
1701,73149753,да,нет,54,СА-3,Б,2024,одноэтажный
1702,80491768,да,да,44,СА-3,Х,2002,двухэтажный
1703,73845946,да,да,64,БСУ,Х,2019,одноэтажный
1704,10096855,да,да,44,СА-3,Б,2017,одноэтажный
1705,92357282,нет,да,54,СА-3,Х,2016,двухэтажный
1706,29138848,да,да,36,БСУ,Х,2019,двухэтажный
1707,40363191,да,нет,44,БСУ,Б,2014,одноэтажный
1708,79782068,да,нет,44,СА-3,Б,2011,одноэтажный
1709,87761531,нет,нет,72,БСУ,Б,2025,двухэтажный
1710,34450775,да,нет,80,СА-3,Х,2010,двухэтажный
1711,74528712,да,да,72,БСУ,Б,2006,одноэтажный
1712,45273041,да,да,44,БСУ,Б,2005,одноэтажный
1713,75411700,нет,да,36,БСУ,Б,2008,двухэтажный
1714,59046143,да,да,64,СА-3,Х,2014,одноэтажный
1715,26143405,да,да,80,БСУ,Б,2013,одноэтажный
1716,21135674,нет,нет,40,БСУ,Б,2016,двухэтажный
1717,39777154,нет,да,72,БСУ,Б,2024,двухэтажный
1718,81210764,да,нет,44,СА-3,Б,2016,двухэтажный
1719,31307037,да,да,72,СА-3,Б,2024,одноэтажный
1720,82587841,нет,нет,80,СА-3,Х,2012,одноэтажный
1721,80027906,нет,нет,54,БСУ,Х,2009,двухэтажный
1722,43732839,нет,нет,40,СА-3,Х,2013,двухэтажный
1723,74549616,нет,нет,80,СА-3,Б,2005,одноэтажный
1724,62479086,да,да,44,СА-3,Х,2008,двухэтажный
1725,63880436,да,нет,72,СА-3,Х,2004,одноэтажный
1726,53952205,да,да,44,СА-3,Б,2019,одноэтажный
1727,98640264,да,нет,64,БСУ,Х,2024,одноэтажный
1728,55818870,нет,нет,36,БСУ,Б,2008,двухэтажный
1729,72616017,да,да,72,БСУ,Б,2007,одноэтажный
1730,21888060,нет,нет,64,БСУ,Х,2021,одноэтажный
1731,68046122,да,нет,80,БСУ,Б,2023,одноэтажный
1732,43778683,да,да,72,БСУ,Б,2002,двухэтажный
1733,75169251,да,да,64,БСУ,Б,2003,одноэтажный
1734,75479724,да,нет,54,БСУ,Х,2003,одноэтажный
1735,96258750,нет,да,36,СА-3,Б,2021,одноэтажный
1736,91041439,да,да,72,СА-3,Б,2025,одноэтажный
1737,71839874,да,да,54,БСУ,Б,2000,двухэтажный
1738,34258202,да,нет,36,БСУ,Б,2025,двухэтажный
1739,71286924,нет,да,80,БСУ,Б,2007,одноэтажный
1740,16415488,да,нет,72,БСУ,Б,2005,двухэтажный
1741,83454371,да,нет,80,БСУ,Б,2005,одноэтажный
1742,21927856,да,нет,72,СА-3,Б,2009,двухэтажный
1743,22137642,да,да,54,СА-3,Б,2006,одноэтажный
1744,75154738,да,нет,44,СА-3,Б,2010,двухэтажный
1745,35473149,да,нет,72,БСУ,Б,2017,двухэтажный
1746,93009769,нет,да,36,БСУ,Б,2004,одноэтажный
1747,81514930,да,да,54,СА-3,Б,2023,одноэтажный
1748,49448235,да,нет,44,СА-3,Б,2001,двухэтажный
1749,30805333,нет,да,54,СА-3,Б,2007,двухэтажный
1750,40310745,да,нет,40,СА-3,Х,2000,одноэтажный
1751,74863842,нет,да,64,СА-3,Б,2016,одноэтажный
1752,94188755,да,нет,54,БСУ,Б,2011,одноэтажный
1753,45374067,да,да,40,БСУ,Б,2002,одноэтажный
1754,28051318,да,нет,72,СА-3,Б,2018,двухэтажный
1755,78109300,нет,да,36,СА-3,Б,2022,одноэтажный
1756,84366395,нет,да,44,СА-3,Б,2014,одноэтажный
1757,68543659,да,нет,36,БСУ,Б,2001,одноэтажный
1758,73971718,нет,да,72,БСУ,Х,2023,одноэтажный
1759,43824487,нет,нет,72,БСУ,Б,2024,одноэтажный
1760,63183240,да,да,64,БСУ,Б,2018,одноэтажный
1761,78176556,нет,да,64,БСУ,Б,2019,двухэтажный
1762,58096857,да,нет,36,СА-3,Б,2023,двухэтажный
1763,36121315,да,нет,80,СА-3,Б,2000,одноэтажный
1764,76434426,нет,да,36,БСУ,Б,2021,одноэтажный
1765,64703681,да,да,80,БСУ,Х,2009,одноэтажный
1766,67762060,нет,да,40,БСУ,Б,2007,одноэтажный
1767,96869105,да,да,80,СА-3,Б,2000,одноэтажный
1768,18173978,нет,да,44,СА-3,Х,2016,двухэтажный
1769,53870361,да,да,64,БСУ,Б,2005,двухэтажный
1770,93332082,да,да,44,СА-3,Б,2004,одноэтажный
1771,87038964,да,да,80,СА-3,Б,2014,двухэтажный
1772,15204195,нет,нет,80,СА-3,Б,2009,одноэтажный
1773,24465305,да,да,64,СА-3,Б,2015,двухэтажный
1774,30837653,нет,нет,54,БСУ,Б,2003,одноэтажный
1775,18786373,да,да,40,БСУ,Х,2012,двухэтажный
1776,17868404,нет,нет,80,СА-3,Б,2002,одноэтажный
1777,53023903,нет,да,72,БСУ,Б,2020,двухэтажный
1778,52992142,да,нет,44,БСУ,Б,2012,двухэтажный
1779,13198965,да,да,54,БСУ,Б,2025,одноэтажный
1780,17397482,да,да,36,БСУ,Б,2023,одноэтажный
1781,82851642,да,да,36,СА-3,Х,2009,одноэтажный
1782,57213180,нет,да,80,БСУ,Б,2016,одноэтажный
1783,78282676,да,нет,40,СА-3,Б,2005,одноэтажный
1784,52991351,да,да,40,СА-3,Х,2012,двухэтажный
1785,25613685,нет,да,40,БСУ,Б,2012,одноэтажный
1786,59899973,нет,да,40,СА-3,Б,2019,одноэтажный
1787,66752704,нет,нет,72,БСУ,Х,2020,одноэтажный
1788,46589757,да,да,80,БСУ,Б,2006,одноэтажный
1789,75527308,да,да,72,БСУ,Х,2024,одноэтажный
1790,98981391,нет,да,36,СА-3,Х,2025,одноэтажный
1791,34609969,да,да,72,БСУ,Б,2022,одноэтажный
1792,63446108,да,да,80,БСУ,Х,2003,одноэтажный
1793,37128906,нет,да,54,СА-3,Х,2001,одноэтажный
1794,24675889,да,да,54,СА-3,Х,2022,одноэтажный
1795,42447383,да,да,72,СА-3,Б,2024,двухэтажный
1796,77594636,нет,да,40,БСУ,Х,2000,одноэтажный
1797,55814884,нет,да,40,БСУ,Б,2020,двухэтажный
1798,61007346,да,да,36,СА-3,Х,2006,одноэтажный
1799,68904348,да,да,80,СА-3,Б,2009,одноэтажный
1800,29241916,да,да,36,СА-3,Б,2017,двухэтажный
1801,32805637,нет,да,36,СА-3,Б,2021,двухэтажный
1802,61165595,да,да,54,СА-3,Б,2024,одноэтажный
1803,85650313,да,да,80,БСУ,Б,2020,одноэтажный
1804,92684709,да,нет,40,БСУ,Б,2011,одноэтажный
1805,95456101,да,нет,40,БСУ,Б,2011,двухэтажный
1806,48502168,да,да,54,БСУ,Б,2011,одноэтажный
1807,67946703,нет,да,54,БСУ,Б,2017,одноэтажный
1808,63986524,да,нет,40,БСУ,Б,2013,одноэтажный
1809,70708263,да,да,44,БСУ,Б,2012,двухэтажный
1810,81126909,да,да,40,СА-3,Б,2023,одноэтажный
1811,93064164,да,да,80,БСУ,Б,2009,двухэтажный
1812,28969191,да,да,54,БСУ,Б,2024,одноэтажный
1813,65313521,да,да,64,СА-3,Б,2016,одноэтажный
1814,69455815,да,да,64,СА-3,Х,2023,одноэтажный
1815,30918595,да,да,80,СА-3,Х,2010,одноэтажный
1816,27522806,нет,да,64,СА-3,Б,2025,двухэтажный
1817,12881127,да,нет,36,БСУ,Б,2010,одноэтажный
1818,57874974,да,да,40,БСУ,Б,2011,одноэтажный
1819,52345697,да,нет,54,БСУ,Б,2009,одноэтажный
1820,85415271,да,нет,40,БСУ,Х,2019,одноэтажный
1821,85385275,да,да,44,СА-3,Б,2021,одноэтажный
1822,69713989,да,да,54,БСУ,Б,2005,одноэтажный
1823,88675126,нет,нет,54,СА-3,Б,2000,одноэтажный
1824,86072327,да,да,36,БСУ,Х,2004,одноэтажный
1825,62830211,нет,да,80,СА-3,Б,2010,одноэтажный
1826,21149828,да,нет,54,СА-3,Б,2018,одноэтажный
1827,32690870,да,да,64,БСУ,Б,2000,одноэтажный
1828,32398512,да,да,44,БСУ,Б,2013,одноэтажный
1829,46619501,нет,нет,54,СА-3,Б,2001,двухэтажный
1830,93774633,да,да,44,БСУ,Х,2015,одноэтажный
1831,14829577,нет,да,54,БСУ,Б,2016,одноэтажный
1832,66977334,да,да,44,БСУ,Б,2015,одноэтажный
1833,21181158,нет,нет,36,БСУ,Б,2003,двухэтажный
1834,27250444,нет,да,36,СА-3,Б,2004,одноэтажный
1835,41802263,нет,нет,36,СА-3,Б,2010,одноэтажный
1836,92874168,да,да,80,БСУ,Б,2010,одноэтажный
1837,24204629,да,да,40,СА-3,Б,2002,двухэтажный
1838,22292455,да,нет,40,СА-3,Х,2002,одноэтажный
1839,93946711,да,да,40,БСУ,Б,2005,одноэтажный
1840,89431668,нет,да,40,СА-3,Х,2006,одноэтажный
1841,82745798,да,да,36,СА-3,Х,2010,одноэтажный
1842,40563463,да,нет,64,БСУ,Б,2016,одноэтажный
1843,39294123,да,нет,72,СА-3,Б,2020,одноэтажный
1844,43778330,да,да,36,СА-3,Б,2023,двухэтажный
1845,67726344,да,нет,72,БСУ,Х,2023,одноэтажный
1846,52734662,да,нет,44,СА-3,Б,2023,одноэтажный
1847,70503600,да,нет,44,БСУ,Б,2015,одноэтажный
1848,35539627,да,да,72,БСУ,Б,2014,одноэтажный
1849,64122182,да,нет,54,СА-3,Х,2024,одноэтажный
1850,13285625,нет,нет,54,СА-3,Б,2000,одноэтажный
1851,98821543,нет,да,40,СА-3,Х,2012,одноэтажный
1852,46358251,да,да,54,СА-3,Б,2017,одноэтажный
1853,35494128,да,нет,54,БСУ,Б,2005,одноэтажный
1854,99360714,да,нет,36,БСУ,Б,2019,одноэтажный
1855,41561623,да,да,40,БСУ,Б,2009,одноэтажный
1856,55443506,да,нет,54,СА-3,Б,2016,одноэтажный
1857,60110818,нет,нет,44,БСУ,Х,2014,одноэтажный
1858,43032305,да,да,40,БСУ,Б,2015,одноэтажный
1859,84490268,да,нет,72,СА-3,Б,2010,одноэтажный
1860,86809444,нет,да,64,СА-3,Б,2007,одноэтажный
1861,73049118,нет,да,36,БСУ,Б,2019,одноэтажный
1862,81032794,да,нет,72,БСУ,Х,2012,одноэтажный
1863,47072327,нет,да,80,СА-3,Б,2007,одноэтажный
1864,53917970,да,нет,64,СА-3,Б,2010,одноэтажный
1865,52166952,да,да,80,СА-3,Б,2019,одноэтажный
1866,49677387,нет,нет,40,БСУ,Х,2012,одноэтажный
1867,11464854,да,да,44,СА-3,Х,2020,одноэтажный
1868,20564233,да,нет,40,БСУ,Б,2017,двухэтажный
1869,69611364,нет,да,44,БСУ,Х,2022,одноэтажный
1870,48220213,да,да,36,СА-3,Х,2010,одноэтажный
1871,59502450,да,нет,54,СА-3,Б,2020,одноэтажный
1872,33890545,да,нет,36,БСУ,Б,2024,одноэтажный
1873,78680335,да,нет,40,БСУ,Х,2002,двухэтажный
1874,23724194,да,нет,40,СА-3,Б,2011,одноэтажный
1875,65383843,да,да,54,СА-3,Б,2020,одноэтажный
1876,30801601,да,да,40,БСУ,Х,2024,одноэтажный
1877,44997902,да,да,72,СА-3,Х,2022,двухэтажный
1878,15690138,да,нет,40,СА-3,Б,2010,одноэтажный
1879,95138411,нет,да,80,БСУ,Б,2021,одноэтажный
1880,65692131,да,да,64,СА-3,Х,2018,одноэтажный
1881,56893195,нет,да,44,СА-3,Б,2004,одноэтажный
1882,94245755,нет,да,64,БСУ,Б,2005,одноэтажный
1883,91553176,да,да,44,БСУ,Х,2009,одноэтажный
1884,69799828,да,нет,64,БСУ,Х,2003,двухэтажный
1885,24325007,нет,нет,40,БСУ,Б,2021,двухэтажный
1886,89625763,нет,да,36,СА-3,Б,2008,двухэтажный
1887,13196063,да,да,40,БСУ,Х,2023,одноэтажный
1888,53937353,да,да,80,СА-3,Б,2015,одноэтажный
1889,48298018,нет,нет,40,СА-3,Б,2000,одноэтажный
1890,93117917,да,да,44,СА-3,Б,2012,одноэтажный
1891,31406009,да,да,72,СА-3,Б,2023,одноэтажный
1892,20213902,да,нет,44,СА-3,Б,2009,двухэтажный
1893,71327790,нет,нет,80,СА-3,Х,2020,одноэтажный
1894,14075870,нет,нет,40,СА-3,Х,2023,двухэтажный
1895,87816352,нет,да,36,БСУ,Х,2022,двухэтажный
1896,18745327,да,да,36,БСУ,Б,2014,одноэтажный
1897,11780943,да,да,36,БСУ,Б,2023,одноэтажный
1898,45874310,да,да,80,СА-3,Х,2014,одноэтажный
1899,97265980,да,да,80,БСУ,Б,2022,одноэтажный
1900,41074206,нет,нет,44,БСУ,Х,2011,одноэтажный
1901,73414545,да,да,44,СА-3,Б,2020,одноэтажный
1902,33348882,да,да,44,БСУ,Х,2021,одноэтажный
1903,76372099,нет,да,54,СА-3,Б,2004,одноэтажный
1904,58139696,да,да,64,СА-3,Б,2010,одноэтажный
1905,93894510,да,да,72,СА-3,Б,2018,двухэтажный
1906,37623724,нет,да,80,БСУ,Б,2016,одноэтажный
1907,79735350,да,да,64,СА-3,Б,2021,одноэтажный
1908,54949481,да,да,80,БСУ,Б,2012,одноэтажный
1909,62720687,да,да,54,СА-3,Х,2020,одноэтажный
1910,35277376,нет,нет,64,СА-3,Б,2002,одноэтажный
1911,51145240,да,да,80,СА-3,Б,2003,одноэтажный
1912,35636468,да,да,36,СА-3,Х,2024,одноэтажный
1913,18995520,да,нет,54,БСУ,Б,2000,одноэтажный
1914,50294239,да,да,44,БСУ,Б,2015,одноэтажный
1915,89636235,да,да,36,БСУ,Б,2000,одноэтажный
1916,73565178,нет,да,64,СА-3,Б,2018,одноэтажный
1917,57117793,нет,нет,36,БСУ,Х,2015,одноэтажный
1918,21653940,да,да,36,СА-3,Б,2022,одноэтажный
1919,22617221,да,нет,40,БСУ,Х,2009,одноэтажный
1920,70558903,да,да,36,СА-3,Б,2021,одноэтажный
1921,77953702,да,да,54,БСУ,Б,2012,одноэтажный
1922,81895460,нет,да,64,СА-3,Б,2015,двухэтажный
1923,70629628,да,да,44,БСУ,Б,2021,двухэтажный
1924,20310693,да,да,36,БСУ,Б,2025,одноэтажный
1925,33707092,нет,да,40,СА-3,Б,2021,одноэтажный
1926,76216456,да,да,72,СА-3,Х,2004,двухэтажный
1927,91229370,да,да,44,БСУ,Х,2016,одноэтажный
1928,59430818,да,да,54,СА-3,Х,2017,одноэтажный
1929,18984340,да,да,72,БСУ,Б,2016,одноэтажный
1930,28458598,да,да,64,СА-3,Б,2014,одноэтажный
1931,83271993,да,да,36,СА-3,Б,2003,одноэтажный
1932,41171838,да,да,72,БСУ,Х,2001,одноэтажный
1933,11632815,да,нет,64,СА-3,Б,2025,двухэтажный
1934,42705658,нет,нет,40,БСУ,Б,2006,двухэтажный
1935,62057357,да,нет,80,СА-3,Х,2004,одноэтажный
1936,29515608,нет,да,64,СА-3,Б,2007,одноэтажный
1937,65500187,нет,да,40,БСУ,Б,2024,одноэтажный
1938,53015114,нет,да,72,БСУ,Б,2019,одноэтажный
1939,40161549,нет,да,64,БСУ,Б,2024,одноэтажный
1940,42392187,да,да,80,СА-3,Б,2000,одноэтажный
1941,85388309,да,нет,40,СА-3,Б,2012,одноэтажный
1942,97263918,нет,нет,44,БСУ,Б,2015,одноэтажный
1943,61820639,нет,нет,64,СА-3,Б,2002,одноэтажный
1944,55957495,да,нет,36,БСУ,Б,2008,одноэтажный
1945,89783556,да,да,44,СА-3,Б,2011,одноэтажный
1946,35749206,нет,да,54,БСУ,Х,2013,одноэтажный
1947,35280282,нет,нет,40,БСУ,Х,2021,одноэтажный
1948,82850150,да,да,54,СА-3,Х,2023,одноэтажный
1949,95710818,да,да,72,БСУ,Х,2020,одноэтажный
1950,60331463,да,да,44,БСУ,Б,2004,одноэтажный
1951,19670420,да,нет,80,БСУ,Х,2006,одноэтажный
1952,44200134,нет,да,64,БСУ,Б,2013,двухэтажный
1953,16844169,нет,нет,54,СА-3,Б,2012,одноэтажный
1954,28753889,да,да,80,СА-3,Х,2002,одноэтажный
1955,83617175,да,да,36,БСУ,Х,2021,одноэтажный
1956,11322863,да,нет,72,БСУ,Х,2007,двухэтажный
1957,92988418,да,нет,64,БСУ,Б,2004,двухэтажный
1958,88399260,да,да,80,БСУ,Х,2019,двухэтажный
1959,31527957,да,нет,44,БСУ,Х,2007,одноэтажный
1960,39658559,да,нет,40,СА-3,Х,2000,двухэтажный
1961,51405395,да,нет,80,БСУ,Б,2007,двухэтажный
1962,21005469,да,да,40,БСУ,Б,2024,одноэтажный
1963,82647307,нет,да,72,БСУ,Б,2016,одноэтажный
1964,12780428,да,нет,80,БСУ,Б,2011,двухэтажный
1965,20382674,да,нет,54,СА-3,Б,2006,двухэтажный
1966,57414491,да,да,44,СА-3,Б,2015,одноэтажный
1967,85606069,да,нет,54,СА-3,Б,2011,одноэтажный
1968,12750674,да,нет,54,СА-3,Б,2011,двухэтажный
1969,59203514,нет,да,40,СА-3,Х,2018,одноэтажный
1970,90410541,да,да,36,БСУ,Б,2024,двухэтажный
1971,31307557,да,нет,36,БСУ,Х,2008,одноэтажный
1972,49346304,да,да,80,СА-3,Х,2009,двухэтажный
1973,18962912,да,да,36,СА-3,Х,2015,одноэтажный
1974,32538675,да,нет,40,СА-3,Х,2003,одноэтажный
1975,33988814,да,нет,64,БСУ,Б,2004,одноэтажный
1976,35072772,да,да,80,СА-3,Б,2016,одноэтажный
1977,77231416,да,да,40,СА-3,Х,2004,одноэтажный
1978,42470699,нет,нет,64,БСУ,Б,2014,двухэтажный
1979,24747331,нет,да,64,СА-3,Х,2012,двухэтажный
1980,48547666,да,нет,72,БСУ,Б,2023,одноэтажный
1981,80471123,да,нет,64,БСУ,Б,2018,одноэтажный
1982,64384837,нет,да,54,СА-3,Б,2015,двухэтажный
1983,14887763,да,да,44,БСУ,Х,2013,одноэтажный
1984,50200620,да,да,40,СА-3,Х,2024,одноэтажный
1985,29752845,да,да,80,СА-3,Б,2009,одноэтажный
1986,29101240,да,да,54,БСУ,Б,2014,одноэтажный
1987,59870894,нет,да,54,СА-3,Х,2004,одноэтажный
1988,23594221,да,да,54,БСУ,Б,2013,двухэтажный
1989,49453440,да,да,54,СА-3,Б,2015,двухэтажный
1990,54486784,да,нет,40,СА-3,Б,2004,одноэтажный
1991,85375348,да,да,40,БСУ,Х,2012,одноэтажный
1992,92265540,да,нет,44,БСУ,Х,2016,одноэтажный
1993,68840762,нет,да,64,СА-3,Б,2017,одноэтажный
1994,86014287,да,нет,40,БСУ,Б,2022,одноэтажный
1995,95255730,да,да,40,СА-3,Б,2008,одноэтажный
1996,15622602,да,да,40,СА-3,Б,2006,одноэтажный
1997,30353642,да,да,40,СА-3,Б,2005,одноэтажный
1998,45635838,нет,нет,40,БСУ,Б,2005,одноэтажный
1999,76234064,да,нет,80,БСУ,Б,2011,одноэтажный
2000,44639362,да,да,80,БСУ,Б,2010,одноэтажный
